index,is_male,age,category,quantiy,price_per_unit,cogs,total_sale
1332,Female,53.0,Clothing,4.0,500.0,605.0,2000.0
1334,Female,42.0,Clothing,2.0,25.0,30.25,50.0
780,Female,39.0,Electronics,2.0,25.0,10.0,50.0
1196,Male,62.0,Clothing,1.0,25.0,9.25,25.0
1204,Female,35.0,Clothing,3.0,50.0,20.5,150.0
201,Female,24.0,Beauty,3.0,500.0,145.0,1500.0
1456,Female,26.0,Clothing,4.0,500.0,555.0,2000.0
1291,Male,42.0,Electronics,1.0,30.0,14.7,30.0
1258,Male,46.0,Electronics,1.0,500.0,155.0,500.0
285,Female,28.0,Beauty,3.0,25.0,9.25,75.0
1227,Male,55.0,Clothing,1.0,500.0,145.0,500.0
217,Female,38.0,Electronics,3.0,500.0,140.0,1500.0
1671,Male,33.0,Beauty,2.0,50.0,57.5,100.0
21,Male,38.0,Beauty,2.0,500.0,220.0,1000.0
1831,Female,37.0,Clothing,1.0,50.0,21.5,50.0
1179,Female,58.0,Beauty,3.0,300.0,105.0,900.0
890,Female,64.0,Clothing,2.0,50.0,12.5,100.0
279,Male,52.0,Electronics,2.0,25.0,13.25,50.0
195,Female,48.0,Electronics,3.0,50.0,26.5,150.0
91,Male,24.0,Beauty,1.0,50.0,14.5,50.0
346,Female,42.0,Clothing,4.0,50.0,25.5,200.0
115,Male,49.0,Electronics,1.0,50.0,24.0,50.0
656,Male,47.0,Beauty,1.0,30.0,11.7,30.0
1602,Male,32.0,Clothing,1.0,50.0,55.0,50.0
1722,Male,18.0,Clothing,4.0,300.0,153.0,1200.0
150,Female,19.0,Electronics,4.0,50.0,24.0,200.0
842,Female,26.0,Beauty,3.0,30.0,9.3,90.0
1947,Female,27.0,Electronics,1.0,25.0,10.25,25.0
1039,Female,20.0,Beauty,1.0,50.0,26.5,50.0
1764,Male,43.0,Electronics,3.0,300.0,147.0,900.0
110,Male,51.0,Beauty,3.0,50.0,20.5,150.0
51,Female,33.0,Clothing,3.0,30.0,10.8,90.0
623,Female,59.0,Electronics,2.0,30.0,10.8,60.0
1436,Female,62.0,Electronics,1.0,300.0,375.0,300.0
677,Male,24.0,Electronics,1.0,50.0,20.0,50.0
1596,Male,20.0,Clothing,1.0,50.0,53.5,50.0
491,Female,35.0,Clothing,4.0,300.0,75.0,1200.0
1447,Female,64.0,Electronics,2.0,50.0,62.0,100.0
963,Female,64.0,Clothing,3.0,50.0,18.5,150.0
854,Male,27.0,Clothing,2.0,25.0,8.25,50.0
246,Male,19.0,Clothing,3.0,500.0,180.0,1500.0
1734,Male,23.0,Beauty,1.0,30.0,9.3,30.0
495,Male,43.0,Clothing,2.0,500.0,260.0,1000.0
1969,Female,34.0,Clothing,2.0,50.0,19.5,100.0
167,Male,22.0,Beauty,1.0,30.0,14.4,30.0
747,Male,62.0,Electronics,4.0,50.0,24.5,200.0
929,Female,35.0,Beauty,2.0,50.0,13.5,100.0
684,Female,51.0,Electronics,1.0,30.0,7.5,30.0
781,Male,32.0,Clothing,2.0,300.0,162.0,600.0
95,Female,42.0,Beauty,1.0,30.0,11.1,30.0
772,Female,47.0,Beauty,2.0,500.0,250.0,1000.0
506,Female,35.0,Electronics,1.0,25.0,6.5,25.0
572,Male,27.0,Beauty,4.0,300.0,120.0,1200.0
669,Male,22.0,Electronics,1.0,50.0,19.5,50.0
991,Female,52.0,Beauty,3.0,300.0,150.0,900.0
1537,Male,36.0,Electronics,2.0,50.0,50.5,100.0
1148,Male,37.0,Beauty,4.0,30.0,11.1,120.0
89,Male,24.0,Beauty,1.0,50.0,19.5,50.0
274,Female,20.0,Beauty,1.0,25.0,13.5,25.0
740,Male,54.0,Electronics,3.0,300.0,123.0,900.0
1038,Male,50.0,Clothing,3.0,25.0,11.75,75.0
464,Female,56.0,Clothing,4.0,50.0,19.5,200.0
1913,Female,45.0,Electronics,1.0,30.0,13.2,30.0
1003,Female,20.0,Clothing,1.0,30.0,7.5,30.0
1631,Male,64.0,Clothing,2.0,300.0,354.0,600.0
1800,Female,38.0,Electronics,3.0,30.0,7.8,90.0
551,Female,22.0,Beauty,4.0,25.0,10.0,100.0
519,Male,31.0,Electronics,1.0,30.0,8.4,30.0
526,Male,47.0,Electronics,4.0,30.0,8.4,120.0
1641,Female,30.0,Electronics,2.0,25.0,30.75,50.0
1089,Male,63.0,Electronics,3.0,500.0,210.0,1500.0
503,Female,18.0,Electronics,4.0,300.0,123.0,1200.0
1495,Female,30.0,Beauty,2.0,300.0,342.0,600.0
1724,Male,62.0,Electronics,1.0,30.0,13.5,30.0
1318,Female,27.0,Clothing,4.0,500.0,570.0,2000.0
1940,Male,29.0,Clothing,1.0,50.0,22.5,50.0
1652,Female,26.0,Electronics,3.0,500.0,495.0,1500.0
589,Male,54.0,Beauty,1.0,25.0,12.5,25.0
698,Female,22.0,Beauty,1.0,50.0,14.5,50.0
1544,Male,36.0,Electronics,2.0,50.0,47.5,100.0
322,Female,64.0,Beauty,2.0,30.0,12.9,60.0
1259,Female,56.0,Electronics,2.0,50.0,26.5,100.0
1638,Female,39.0,Beauty,3.0,300.0,285.0,900.0
710,Male,18.0,Clothing,2.0,30.0,9.9,60.0
832,Male,51.0,Clothing,3.0,50.0,26.0,150.0
1925,Female,51.0,Beauty,2.0,500.0,250.0,1000.0
641,Female,24.0,Clothing,1.0,25.0,13.75,25.0
997,Female,42.0,Beauty,4.0,500.0,165.0,2000.0
243,Male,49.0,Electronics,1.0,300.0,108.0,300.0
1031,Female,36.0,Clothing,2.0,30.0,12.3,60.0
97,Female,38.0,Electronics,4.0,500.0,220.0,2000.0
1901,Female,52.0,Beauty,2.0,30.0,14.1,60.0
22,Female,57.0,Electronics,1.0,50.0,18.0,50.0
392,Male,36.0,Clothing,3.0,300.0,147.0,900.0
600,Male,43.0,Clothing,4.0,30.0,16.2,120.0
1034,Male,49.0,Electronics,2.0,50.0,23.0,100.0
1310,Female,62.0,Electronics,4.0,300.0,297.0,1200.0
886,Female,64.0,Electronics,2.0,25.0,9.0,50.0
1319,Male,34.0,Beauty,1.0,30.0,28.5,30.0
1188,Female,61.0,Electronics,1.0,500.0,230.0,500.0
702,Male,63.0,Electronics,3.0,25.0,7.0,75.0
1431,Male,42.0,Beauty,1.0,50.0,59.5,50.0
989,Male,60.0,Beauty,1.0,30.0,12.6,30.0
1944,Male,48.0,Beauty,2.0,500.0,145.0,1000.0
941,Female,51.0,Electronics,3.0,300.0,126.0,900.0
19,Male,30.0,Beauty,3.0,30.0,10.5,90.0
71,Male,46.0,Beauty,2.0,30.0,11.7,60.0
1353,Female,40.0,Electronics,2.0,500.0,535.0,1000.0
882,Female,64.0,Electronics,2.0,25.0,13.25,50.0
1248,Female,42.0,Electronics,1.0,30.0,13.5,30.0
282,Male,34.0,Clothing,2.0,25.0,11.0,50.0
255,Male,53.0,Electronics,4.0,500.0,125.0,2000.0
887,Male,53.0,Beauty,4.0,50.0,20.5,200.0
1207,Male,29.0,Clothing,2.0,300.0,147.0,600.0
632,Female,26.0,Clothing,2.0,30.0,11.4,60.0
722,Male,64.0,Clothing,4.0,25.0,6.75,100.0
1199,Female,60.0,Clothing,4.0,300.0,87.0,1200.0
1962,Female,43.0,Electronics,4.0,300.0,105.0,1200.0
1223,Female,47.0,Clothing,4.0,30.0,12.9,120.0
1364,Male,47.0,Clothing,3.0,30.0,36.0,90.0
1912,Male,63.0,Electronics,2.0,500.0,265.0,1000.0
1375,Female,44.0,Beauty,3.0,25.0,25.5,75.0
1146,Female,54.0,Beauty,3.0,500.0,175.0,1500.0
1243,Male,49.0,Clothing,1.0,500.0,170.0,500.0
1226,Female,35.0,Electronics,4.0,50.0,26.5,200.0
691,Female,51.0,Electronics,4.0,30.0,12.6,120.0
104,Female,36.0,Electronics,4.0,30.0,16.5,120.0
187,Male,54.0,Beauty,1.0,30.0,10.8,30.0
1176,Female,34.0,Beauty,4.0,300.0,126.0,1200.0
1280,Female,23.0,Clothing,1.0,30.0,15.0,30.0
251,Female,41.0,Clothing,3.0,30.0,9.6,90.0
189,Female,43.0,Beauty,1.0,25.0,12.75,25.0
415,Male,28.0,Clothing,4.0,300.0,75.0,1200.0
312,Male,24.0,Clothing,1.0,25.0,10.25,25.0
1884,Female,34.0,Electronics,4.0,300.0,153.0,1200.0
543,Female,38.0,Clothing,1.0,300.0,123.0,300.0
1247,Female,63.0,Electronics,3.0,300.0,159.0,900.0
494,Male,48.0,Clothing,1.0,30.0,14.7,30.0
1574,Female,43.0,Electronics,4.0,25.0,23.75,100.0
1728,Male,62.0,Electronics,1.0,30.0,11.4,30.0
706,Female,48.0,Clothing,3.0,500.0,185.0,1500.0
1611,Male,48.0,Electronics,1.0,50.0,48.5,50.0
571,Female,48.0,Electronics,2.0,25.0,11.5,50.0
1880,Female,34.0,Electronics,4.0,300.0,81.0,1200.0
1629,Female,28.0,Clothing,3.0,30.0,28.8,90.0
864,Female,21.0,Beauty,1.0,500.0,275.0,500.0
176,Male,34.0,Clothing,3.0,50.0,18.5,150.0
891,Male,21.0,Electronics,1.0,50.0,23.5,50.0
66,Male,34.0,Beauty,3.0,25.0,10.75,75.0
896,Male,21.0,Clothing,3.0,500.0,215.0,1500.0
348,Female,20.0,Beauty,3.0,50.0,22.5,150.0
1082,Female,45.0,Clothing,1.0,50.0,15.0,50.0
1771,Male,39.0,Clothing,4.0,25.0,8.5,100.0
564,Female,22.0,Clothing,1.0,50.0,23.5,50.0
448,Female,18.0,Beauty,2.0,500.0,180.0,1000.0
693,Male,60.0,Beauty,1.0,50.0,26.5,50.0
530,Female,40.0,Clothing,2.0,25.0,8.0,50.0
1595,Male,44.0,Clothing,2.0,30.0,32.7,60.0
40,Male,63.0,Clothing,4.0,50.0,16.0,200.0
493,Male,58.0,Electronics,4.0,300.0,123.0,1200.0
898,Female,31.0,Electronics,4.0,30.0,10.2,120.0
1994,Male,60.0,Electronics,2.0,25.0,12.0,50.0
1818,Male,37.0,Clothing,3.0,500.0,165.0,1500.0
1718,Female,46.0,Beauty,3.0,50.0,15.5,150.0
1150,Female,34.0,Beauty,2.0,50.0,27.5,100.0
1444,Female,62.0,Beauty,2.0,50.0,61.5,100.0
1692,Female,45.0,Beauty,2.0,30.0,9.0,60.0
39,Female,45.0,Electronics,1.0,25.0,9.0,25.0
1863,Female,26.0,Clothing,2.0,500.0,205.0,1000.0
1499,Female,34.0,Electronics,4.0,50.0,47.5,200.0
1170,Male,22.0,Electronics,3.0,500.0,245.0,1500.0
1552,Female,41.0,Clothing,1.0,300.0,375.0,300.0
1156,Female,38.0,Beauty,2.0,25.0,8.25,50.0
817,Male,62.0,Clothing,2.0,25.0,11.0,50.0
1377,Male,32.0,Electronics,2.0,25.0,27.75,50.0
1056,Male,45.0,Electronics,3.0,300.0,141.0,900.0
1876,Male,29.0,Clothing,2.0,50.0,14.5,100.0
455,Male,34.0,Electronics,2.0,50.0,17.0,100.0
1658,Male,31.0,Electronics,3.0,300.0,360.0,900.0
1529,Female,40.0,Electronics,4.0,50.0,49.5,200.0
1339,Male,54.0,Beauty,1.0,25.0,25.75,25.0
1303,Female,46.0,Beauty,1.0,25.0,27.0,25.0
1401,Female,19.0,Electronics,4.0,500.0,570.0,2000.0
1739,Male,19.0,Electronics,3.0,500.0,255.0,1500.0
514,Male,37.0,Electronics,3.0,300.0,147.0,900.0
1572,Male,23.0,Electronics,2.0,30.0,34.8,60.0
33,Male,,Electronics,3.0,25.0,8.0,75.0
1895,Female,49.0,Electronics,3.0,25.0,9.75,75.0
1767,Female,28.0,Beauty,2.0,50.0,15.5,100.0
924,Female,25.0,Clothing,3.0,300.0,144.0,900.0
1922,Female,21.0,Electronics,3.0,300.0,138.0,900.0
287,Female,55.0,Beauty,1.0,30.0,8.4,30.0
1768,Male,39.0,Clothing,4.0,25.0,6.75,100.0
622,Female,47.0,Beauty,2.0,25.0,7.25,50.0
608,Male,55.0,Clothing,1.0,30.0,8.7,30.0
613,Male,51.0,Clothing,4.0,30.0,11.1,120.0
1730,Male,35.0,Clothing,3.0,300.0,114.0,900.0
715,Male,40.0,Electronics,1.0,500.0,200.0,500.0
1419,Female,21.0,Beauty,2.0,300.0,336.0,600.0
1325,Male,56.0,Clothing,1.0,500.0,530.0,500.0
558,Female,22.0,Clothing,1.0,50.0,27.5,50.0
936,Male,47.0,Clothing,4.0,300.0,126.0,1200.0
668,Male,54.0,Electronics,1.0,300.0,84.0,300.0
1131,Female,62.0,Electronics,3.0,50.0,24.5,150.0
739,Female,55.0,Electronics,4.0,30.0,10.2,120.0
1344,Female,52.0,Electronics,2.0,25.0,31.25,50.0
981,Male,43.0,Electronics,4.0,500.0,180.0,2000.0
1548,Female,63.0,Beauty,3.0,25.0,26.25,75.0
363,Female,27.0,Clothing,1.0,25.0,11.0,25.0
1540,Female,36.0,Electronics,4.0,50.0,53.5,200.0
995,Male,61.0,Beauty,4.0,25.0,6.5,100.0
1512,Female,35.0,Electronics,4.0,300.0,345.0,1200.0
414,Female,41.0,Clothing,2.0,300.0,135.0,600.0
281,Male,30.0,Electronics,4.0,25.0,13.0,100.0
875,Female,20.0,Clothing,1.0,50.0,26.5,50.0
945,Male,24.0,Beauty,4.0,300.0,87.0,1200.0
1173,Male,61.0,Clothing,1.0,25.0,11.75,25.0
362,Female,27.0,Clothing,1.0,25.0,11.75,25.0
974,Male,43.0,Beauty,4.0,30.0,7.8,120.0
139,Male,22.0,Electronics,3.0,30.0,12.0,90.0
792,Male,21.0,Beauty,3.0,500.0,180.0,1500.0
1373,Male,37.0,Clothing,4.0,50.0,49.5,200.0
1917,Female,56.0,Clothing,1.0,300.0,135.0,300.0
1285,Female,56.0,Clothing,4.0,300.0,132.0,1200.0
496,Male,52.0,Clothing,4.0,30.0,7.8,120.0
128,Male,29.0,Clothing,4.0,25.0,10.25,100.0
1549,Female,59.0,Electronics,1.0,500.0,510.0,500.0
375,Male,57.0,Clothing,1.0,500.0,175.0,500.0
814,Male,29.0,Clothing,4.0,300.0,81.0,1200.0
356,Male,63.0,Clothing,4.0,500.0,250.0,2000.0
170,Female,50.0,Beauty,2.0,500.0,215.0,1000.0
34,Male,40.0,Clothing,3.0,25.0,12.25,75.0
559,Female,40.0,Clothing,3.0,300.0,84.0,900.0
1986,Female,51.0,Beauty,2.0,300.0,132.0,600.0
454,Male,30.0,Clothing,4.0,30.0,10.5,120.0
412,Male,38.0,Beauty,4.0,50.0,26.0,200.0
1306,Female,62.0,Electronics,4.0,300.0,333.0,1200.0
10,Female,64.0,Clothing,3.0,50.0,27.0,150.0
966,Male,55.0,Beauty,3.0,300.0,75.0,900.0
231,Female,18.0,Clothing,1.0,500.0,245.0,500.0
565,Female,40.0,Clothing,3.0,300.0,126.0,900.0
1022,Male,62.0,Clothing,1.0,50.0,12.5,50.0
844,Female,26.0,Clothing,3.0,300.0,120.0,900.0
330,Male,64.0,Beauty,1.0,500.0,140.0,500.0
341,Female,40.0,Beauty,2.0,500.0,160.0,1000.0
785,Male,59.0,Clothing,3.0,500.0,190.0,1500.0
868,Male,44.0,Beauty,1.0,30.0,9.0,30.0
1513,Male,57.0,Electronics,2.0,50.0,52.5,100.0
1427,Female,38.0,Electronics,1.0,30.0,36.6,30.0
1492,Male,40.0,Clothing,2.0,30.0,34.2,60.0
1829,Female,33.0,Beauty,3.0,50.0,20.0,150.0
1114,Male,61.0,Electronics,2.0,500.0,250.0,1000.0
143,Male,22.0,Electronics,3.0,30.0,12.0,90.0
756,Female,64.0,Beauty,1.0,30.0,9.9,30.0
325,Female,64.0,Beauty,2.0,30.0,16.2,60.0
811,Female,29.0,Beauty,4.0,500.0,165.0,2000.0
853,Male,47.0,Clothing,2.0,30.0,12.9,60.0
1966,Female,38.0,Beauty,3.0,300.0,162.0,900.0
1760,Female,29.0,Clothing,2.0,50.0,14.5,100.0
1194,Male,48.0,Clothing,2.0,50.0,19.0,100.0
1915,Female,56.0,Clothing,1.0,300.0,150.0,300.0
1021,Female,46.0,Beauty,1.0,30.0,9.9,30.0
62,Male,34.0,Beauty,3.0,25.0,11.25,75.0
409,Male,23.0,Clothing,4.0,300.0,81.0,1200.0
620,Female,28.0,Clothing,4.0,300.0,114.0,1200.0
1358,Male,55.0,Clothing,4.0,50.0,51.5,200.0
435,Male,49.0,Clothing,4.0,50.0,14.5,200.0
1136,Female,62.0,Electronics,3.0,50.0,14.0,150.0
172,Male,57.0,Electronics,2.0,25.0,6.25,50.0
1987,Female,49.0,Electronics,4.0,25.0,13.0,100.0
1553,Female,28.0,Beauty,1.0,25.0,24.75,25.0
676,Male,63.0,Clothing,4.0,30.0,12.6,120.0
1834,Male,51.0,Electronics,4.0,500.0,160.0,2000.0
976,Male,43.0,Electronics,4.0,500.0,250.0,2000.0
1408,Male,32.0,Clothing,1.0,50.0,52.0,50.0
1027,Male,22.0,Beauty,4.0,500.0,245.0,2000.0
236,Male,35.0,Beauty,3.0,500.0,145.0,1500.0
542,Female,38.0,Clothing,1.0,300.0,84.0,300.0
353,Female,57.0,Electronics,4.0,50.0,24.0,200.0
456,Female,23.0,Clothing,3.0,30.0,15.3,90.0
534,Male,54.0,Beauty,2.0,50.0,17.0,100.0
331,Female,22.0,Electronics,2.0,25.0,10.25,50.0
1556,Female,51.0,Beauty,2.0,500.0,555.0,1000.0
1707,Male,61.0,Beauty,3.0,300.0,165.0,900.0
1206,Female,45.0,Clothing,4.0,50.0,21.0,200.0
388,Female,60.0,Clothing,4.0,25.0,13.25,100.0
796,Male,21.0,Beauty,3.0,500.0,240.0,1500.0
578,Male,23.0,Clothing,4.0,30.0,13.8,120.0
15,Female,26.0,Beauty,2.0,300.0,102.0,600.0
245,Male,20.0,Electronics,3.0,300.0,159.0,900.0
1565,Male,57.0,Clothing,1.0,50.0,60.0,50.0
1425,Male,49.0,Beauty,2.0,30.0,31.2,60.0
1281,Female,19.0,Beauty,1.0,500.0,200.0,500.0
961,Female,37.0,Clothing,4.0,30.0,16.2,120.0
1168,Female,36.0,Clothing,2.0,25.0,10.75,50.0
333,Female,52.0,Clothing,4.0,30.0,14.4,120.0
523,Female,39.0,Beauty,1.0,300.0,126.0,300.0
1949,Female,61.0,Clothing,4.0,25.0,10.5,100.0
1130,Female,58.0,Beauty,3.0,300.0,147.0,900.0
942,Male,38.0,Electronics,3.0,500.0,165.0,1500.0
1673,Female,39.0,Clothing,3.0,25.0,31.0,75.0
8,Female,37.0,Clothing,3.0,500.0,235.0,1500.0
1567,Female,28.0,Electronics,4.0,50.0,54.5,200.0
48,Female,33.0,Clothing,,,,
1945,Male,48.0,Beauty,2.0,500.0,240.0,1000.0
426,Male,39.0,Beauty,2.0,50.0,24.5,100.0
1957,Male,35.0,Beauty,1.0,500.0,225.0,500.0
1650,Male,35.0,Beauty,3.0,25.0,25.25,75.0
1794,Male,54.0,Electronics,4.0,30.0,9.3,120.0
1855,Male,40.0,Clothing,3.0,300.0,90.0,900.0
12,Female,37.0,Clothing,3.0,500.0,185.0,1500.0
382,Female,37.0,Clothing,4.0,25.0,13.5,100.0
1559,Female,51.0,Beauty,2.0,500.0,485.0,1000.0
102,Female,54.0,Electronics,2.0,500.0,255.0,1000.0
532,Male,37.0,Electronics,4.0,50.0,19.0,200.0
804,Female,60.0,Electronics,3.0,300.0,78.0,900.0
1711,Male,22.0,Clothing,4.0,50.0,21.5,200.0
716,Male,54.0,Clothing,4.0,500.0,165.0,2000.0
1759,Female,62.0,Electronics,2.0,25.0,8.25,50.0
1896,Male,24.0,Electronics,2.0,25.0,11.75,50.0
1847,Female,57.0,Beauty,2.0,25.0,11.5,50.0
441,Male,23.0,Electronics,3.0,50.0,25.0,150.0
258,Male,23.0,Clothing,2.0,500.0,270.0,1000.0
1518,Female,41.0,Clothing,1.0,25.0,26.0,25.0
1932,Female,30.0,Electronics,4.0,50.0,14.0,200.0
1836,Female,51.0,Beauty,1.0,25.0,11.75,25.0
575,Male,57.0,Clothing,1.0,50.0,14.0,50.0
1262,Female,53.0,Electronics,3.0,30.0,10.2,90.0
229,Male,49.0,Beauty,4.0,25.0,9.25,100.0
1091,Female,64.0,Electronics,1.0,300.0,105.0,300.0
56,Male,50.0,Electronics,1.0,30.0,15.9,30.0
487,Female,56.0,Beauty,2.0,30.0,12.9,60.0
374,Male,57.0,Clothing,1.0,500.0,190.0,500.0
1942,Female,42.0,Clothing,1.0,300.0,108.0,300.0
0,Male,41.0,Clothing,3.0,300.0,129.0,900.0
1129,Female,27.0,Beauty,3.0,300.0,105.0,900.0
1603,Female,59.0,Beauty,2.0,500.0,575.0,1000.0
970,Female,25.0,Clothing,1.0,50.0,20.0,50.0
1205,Male,20.0,Clothing,2.0,30.0,16.2,60.0
1545,Female,22.0,Beauty,2.0,500.0,580.0,1000.0
108,Male,49.0,Clothing,4.0,25.0,8.5,100.0
1044,Female,43.0,Beauty,2.0,50.0,25.5,100.0
655,Male,42.0,Beauty,1.0,30.0,8.4,30.0
876,Female,25.0,Electronics,1.0,50.0,19.0,50.0
1583,Male,48.0,Clothing,4.0,25.0,28.75,100.0
1154,Female,41.0,Electronics,2.0,25.0,9.0,50.0
536,Female,58.0,Clothing,2.0,30.0,13.5,60.0
171,Female,47.0,Beauty,4.0,30.0,8.7,120.0
1857,Male,40.0,Clothing,3.0,300.0,147.0,900.0
753,Male,56.0,Clothing,2.0,500.0,145.0,1000.0
1219,Female,47.0,Clothing,4.0,30.0,8.7,120.0
1009,Male,28.0,Beauty,2.0,30.0,13.5,60.0
607,Female,45.0,Beauty,1.0,30.0,14.1,30.0
912,Male,57.0,Electronics,2.0,500.0,175.0,1000.0
902,Female,26.0,Electronics,2.0,25.0,9.5,50.0
1011,Male,18.0,Beauty,3.0,30.0,8.1,90.0
959,Male,42.0,Clothing,3.0,25.0,6.25,75.0
579,Male,49.0,Electronics,1.0,50.0,22.5,50.0
1635,Male,33.0,Clothing,4.0,500.0,515.0,2000.0
1191,Male,39.0,Beauty,4.0,30.0,12.3,120.0
1183,Male,50.0,Clothing,1.0,500.0,170.0,500.0
1228,Female,35.0,Electronics,4.0,50.0,18.0,200.0
378,Female,57.0,Clothing,1.0,500.0,180.0,500.0
1346,Male,30.0,Beauty,4.0,30.0,29.1,120.0
671,Male,63.0,Clothing,4.0,30.0,9.3,120.0
865,Male,64.0,Beauty,1.0,25.0,7.75,25.0
32,Male,,Clothing,3.0,25.0,10.75,75.0
821,Male,46.0,Electronics,2.0,500.0,185.0,1000.0
1406,Female,43.0,Clothing,3.0,50.0,49.0,150.0
1620,Male,50.0,Electronics,2.0,50.0,49.5,100.0
1640,Male,58.0,Beauty,3.0,30.0,36.9,90.0
1197,Male,59.0,Clothing,2.0,30.0,14.4,60.0
1823,Female,55.0,Electronics,3.0,500.0,265.0,1500.0
1007,Male,18.0,Beauty,3.0,30.0,7.5,90.0
593,Female,43.0,Beauty,1.0,500.0,250.0,500.0
323,Female,60.0,Beauty,4.0,25.0,11.5,100.0
20,Female,23.0,Clothing,3.0,50.0,23.0,150.0
343,Female,55.0,Beauty,4.0,30.0,8.7,120.0
1614,Male,61.0,Clothing,1.0,25.0,29.25,25.0
132,Female,20.0,Electronics,1.0,30.0,9.6,30.0
1694,Female,24.0,Electronics,2.0,25.0,10.25,50.0
798,Male,44.0,Electronics,4.0,300.0,129.0,1200.0
1157,Male,42.0,Electronics,1.0,25.0,7.0,25.0
1532,Male,31.0,Beauty,4.0,30.0,37.5,120.0
1317,Female,62.0,Clothing,3.0,30.0,30.3,90.0
1608,Male,30.0,Beauty,4.0,25.0,24.25,100.0
1221,Male,47.0,Beauty,2.0,500.0,240.0,1000.0
1905,Male,29.0,Clothing,1.0,50.0,18.0,50.0
1748,Female,63.0,Beauty,1.0,30.0,10.2,30.0
271,Female,20.0,Beauty,1.0,25.0,13.0,25.0
1109,Male,37.0,Electronics,2.0,500.0,165.0,1000.0
1587,Male,64.0,Beauty,1.0,25.0,25.0,25.0
1272,Male,54.0,Electronics,1.0,50.0,18.5,50.0
302,Male,34.0,Beauty,3.0,500.0,245.0,1500.0
1479,Female,21.0,Beauty,4.0,25.0,27.0,100.0
1198,Male,48.0,Clothing,2.0,50.0,21.5,100.0
1410,Female,60.0,Beauty,1.0,300.0,315.0,300.0
1729,Female,39.0,Electronics,4.0,25.0,9.75,100.0
227,Male,40.0,Clothing,1.0,25.0,8.0,25.0
467,Male,24.0,Clothing,4.0,300.0,99.0,1200.0
1805,Female,49.0,Clothing,1.0,300.0,126.0,300.0
873,Female,18.0,Electronics,1.0,50.0,22.5,50.0
1160,Male,42.0,Electronics,1.0,25.0,13.0,25.0
1810,Male,59.0,Electronics,4.0,25.0,13.75,100.0
759,Female,38.0,Beauty,3.0,50.0,25.5,150.0
1283,Female,23.0,Clothing,1.0,30.0,12.3,30.0
733,Female,52.0,Clothing,1.0,500.0,215.0,500.0
1665,Female,29.0,Clothing,1.0,300.0,303.0,300.0
1335,Male,62.0,Beauty,2.0,30.0,30.6,60.0
795,Female,54.0,Clothing,4.0,25.0,11.5,100.0
1185,Female,60.0,Electronics,2.0,500.0,215.0,1000.0
1687,Female,25.0,Clothing,4.0,300.0,324.0,1200.0
1391,Male,47.0,Beauty,4.0,500.0,600.0,2000.0
1295,Female,51.0,Electronics,4.0,30.0,31.5,120.0
1628,Male,64.0,Clothing,2.0,300.0,348.0,600.0
178,Female,25.0,Beauty,4.0,50.0,13.0,200.0
1953,Female,27.0,Electronics,1.0,25.0,11.25,25.0
457,Male,27.0,Beauty,1.0,500.0,125.0,500.0
1926,Female,44.0,Clothing,2.0,300.0,84.0,600.0
1642,Female,42.0,Electronics,2.0,30.0,28.5,60.0
916,Male,27.0,Clothing,3.0,300.0,114.0,900.0
1852,Female,57.0,Beauty,2.0,25.0,8.75,50.0
581,Female,48.0,Clothing,2.0,25.0,13.75,50.0
954,Female,28.0,Clothing,3.0,30.0,13.5,90.0
296,Female,61.0,Electronics,2.0,50.0,27.5,100.0
1249,Male,36.0,Clothing,4.0,25.0,12.25,100.0
228,Male,61.0,Electronics,2.0,500.0,215.0,1000.0
1139,Female,31.0,Electronics,3.0,25.0,12.5,75.0
599,Male,41.0,Beauty,3.0,500.0,130.0,1500.0
1509,Male,50.0,Electronics,3.0,500.0,505.0,1500.0
1636,Female,52.0,Electronics,3.0,50.0,55.0,150.0
533,Female,58.0,Clothing,2.0,30.0,8.1,60.0
1269,Female,57.0,Electronics,2.0,30.0,7.8,60.0
1664,Female,19.0,Beauty,4.0,50.0,58.5,200.0
1846,Female,31.0,Clothing,3.0,500.0,200.0,1500.0
1677,Male,33.0,Beauty,2.0,50.0,59.5,100.0
237,Male,21.0,Beauty,4.0,500.0,160.0,2000.0
1590,Female,46.0,Clothing,1.0,300.0,303.0,300.0
61,Female,43.0,Beauty,3.0,300.0,87.0,900.0
1763,Female,29.0,Clothing,2.0,50.0,22.5,100.0
1828,Male,24.0,Electronics,1.0,30.0,11.4,30.0
1792,Female,32.0,Beauty,3.0,30.0,12.0,90.0
1725,Female,39.0,Electronics,4.0,25.0,7.0,100.0
249,Male,53.0,Electronics,4.0,500.0,245.0,2000.0
90,Male,26.0,Clothing,3.0,25.0,10.75,75.0
292,Male,53.0,Clothing,1.0,300.0,150.0,300.0
849,Male,28.0,Electronics,4.0,300.0,165.0,1200.0
1235,Male,25.0,Electronics,1.0,25.0,11.75,25.0
1555,Female,41.0,Clothing,1.0,300.0,333.0,300.0
1102,Male,44.0,Clothing,4.0,500.0,235.0,2000.0
837,Female,63.0,Clothing,3.0,25.0,7.25,75.0
1745,Female,35.0,Electronics,4.0,30.0,9.0,120.0
919,Male,59.0,Clothing,4.0,25.0,10.0,100.0
1081,Female,49.0,Clothing,3.0,300.0,75.0,900.0
436,Male,32.0,Clothing,3.0,50.0,13.0,150.0
1467,Female,26.0,Clothing,1.0,500.0,580.0,500.0
1561,Female,23.0,Electronics,3.0,25.0,24.5,75.0
626,Female,59.0,Electronics,2.0,30.0,11.4,60.0
318,Male,43.0,Electronics,4.0,500.0,170.0,2000.0
145,Female,46.0,Electronics,4.0,25.0,9.25,100.0
1360,Female,22.0,Clothing,4.0,300.0,369.0,1200.0
1042,Male,50.0,Clothing,3.0,25.0,7.25,75.0
1212,Female,43.0,Clothing,2.0,50.0,26.5,100.0
155,Male,25.0,Clothing,4.0,500.0,145.0,2000.0
1111,Male,61.0,Electronics,2.0,500.0,230.0,1000.0
1454,Male,31.0,Electronics,1.0,300.0,375.0,300.0
183,Female,47.0,Clothing,1.0,25.0,7.25,25.0
1452,Male,39.0,Beauty,1.0,25.0,27.5,25.0
1277,Female,49.0,Beauty,3.0,25.0,6.25,75.0
153,Female,28.0,Electronics,4.0,300.0,159.0,1200.0
1484,Male,46.0,Beauty,4.0,300.0,297.0,1200.0
670,Female,56.0,Electronics,2.0,500.0,155.0,1000.0
364,Male,26.0,Clothing,3.0,300.0,126.0,900.0
1037,Female,44.0,Clothing,4.0,25.0,12.25,100.0
1918,Female,21.0,Electronics,3.0,300.0,87.0,900.0
1752,Male,46.0,Beauty,2.0,500.0,145.0,1000.0
168,Female,50.0,Beauty,2.0,500.0,165.0,1000.0
877,Male,44.0,Clothing,2.0,25.0,12.0,50.0
1302,Female,34.0,Beauty,3.0,300.0,363.0,900.0
1054,Female,35.0,Beauty,4.0,500.0,140.0,2000.0
968,Female,25.0,Clothing,1.0,50.0,24.0,50.0
1222,Male,45.0,Beauty,2.0,50.0,13.5,100.0
398,Female,39.0,Electronics,1.0,30.0,8.1,30.0
277,Male,34.0,Clothing,2.0,25.0,13.25,50.0
1071,Male,58.0,Clothing,1.0,25.0,6.5,25.0
1586,Female,34.0,Electronics,4.0,500.0,590.0,2000.0
802,Female,29.0,Beauty,4.0,500.0,275.0,2000.0
800,Female,20.0,Electronics,4.0,500.0,195.0,2000.0
1214,Female,50.0,Electronics,4.0,50.0,15.5,200.0
1470,Female,26.0,Clothing,1.0,500.0,535.0,500.0
1566,Male,18.0,Clothing,2.0,50.0,60.5,100.0
14,Female,26.0,Beauty,2.0,300.0,93.0,600.0
1547,Female,36.0,Electronics,4.0,50.0,48.0,200.0
835,Male,51.0,Clothing,3.0,50.0,23.5,150.0
1868,Male,40.0,Electronics,1.0,25.0,12.25,25.0
866,Female,27.0,Clothing,1.0,500.0,250.0,500.0
305,Male,20.0,Clothing,2.0,25.0,12.5,50.0
561,Female,34.0,Electronics,3.0,500.0,185.0,1500.0
425,Male,64.0,Beauty,2.0,500.0,160.0,1000.0
703,Male,62.0,Electronics,4.0,500.0,235.0,2000.0
1440,Female,56.0,Clothing,3.0,30.0,36.6,90.0
416,Male,38.0,Beauty,4.0,50.0,20.5,200.0
1841,Female,51.0,Beauty,1.0,25.0,7.0,25.0
1750,Female,47.0,Beauty,4.0,25.0,13.75,100.0
621,Female,51.0,Beauty,4.0,50.0,19.0,200.0
101,Male,41.0,Electronics,1.0,25.0,10.0,25.0
731,Male,31.0,Electronics,1.0,500.0,235.0,500.0
567,Male,27.0,Beauty,4.0,300.0,84.0,1200.0
1435,Male,41.0,Clothing,2.0,50.0,59.0,100.0
1340,Male,27.0,Beauty,3.0,50.0,54.5,150.0
550,Male,34.0,Beauty,1.0,300.0,117.0,300.0
547,Female,22.0,Beauty,4.0,25.0,11.0,100.0
1187,Female,51.0,Electronics,4.0,500.0,135.0,2000.0
199,Male,57.0,Beauty,4.0,50.0,19.5,200.0
1754,Female,28.0,Beauty,2.0,50.0,24.5,100.0
442,Female,22.0,Electronics,2.0,50.0,14.5,100.0
230,Female,18.0,Clothing,1.0,500.0,190.0,500.0
1477,Male,27.0,Beauty,3.0,25.0,25.0,75.0
219,Male,62.0,Beauty,2.0,50.0,20.5,100.0
1380,Male,56.0,Electronics,2.0,50.0,51.0,100.0
1505,Male,27.0,Beauty,1.0,30.0,35.7,30.0
275,Male,21.0,Clothing,2.0,30.0,10.8,60.0
637,Female,47.0,Electronics,2.0,25.0,13.0,50.0
1061,Male,58.0,Clothing,1.0,25.0,12.5,25.0
662,Female,60.0,Beauty,3.0,30.0,10.5,90.0
768,Female,46.0,Clothing,1.0,50.0,15.0,50.0
566,Female,48.0,Electronics,2.0,25.0,13.25,50.0
1992,Female,30.0,Beauty,3.0,500.0,225.0,1500.0
737,Female,40.0,Electronics,2.0,30.0,10.8,60.0
1342,Male,43.0,Clothing,2.0,300.0,297.0,600.0
584,Female,48.0,Clothing,2.0,25.0,11.75,50.0
1804,Male,36.0,Beauty,1.0,25.0,10.25,25.0
583,Female,27.0,Clothing,4.0,25.0,12.0,100.0
631,Female,38.0,Beauty,2.0,500.0,160.0,1000.0
749,Male,59.0,Electronics,4.0,500.0,220.0,2000.0
1941,Male,34.0,Electronics,2.0,25.0,6.25,50.0
440,Male,45.0,Beauty,2.0,50.0,15.0,100.0
511,Female,23.0,Clothing,2.0,500.0,185.0,1000.0
220,Male,28.0,Electronics,3.0,30.0,10.2,90.0
257,Female,41.0,Clothing,3.0,30.0,10.2,90.0
1511,Female,28.0,Electronics,2.0,500.0,600.0,1000.0
824,Female,53.0,Clothing,2.0,500.0,245.0,1000.0
259,Male,23.0,Clothing,2.0,500.0,190.0,1000.0
1796,Male,50.0,Clothing,1.0,25.0,11.0,25.0
241,Male,49.0,Electronics,1.0,300.0,129.0,300.0
552,Female,59.0,Beauty,2.0,25.0,10.25,50.0
142,Male,63.0,Beauty,1.0,50.0,20.5,50.0
354,Female,54.0,Beauty,3.0,300.0,114.0,900.0
410,Male,25.0,Clothing,3.0,50.0,15.5,150.0
678,Male,30.0,Beauty,2.0,50.0,24.0,100.0
1162,Female,50.0,Beauty,2.0,50.0,12.5,100.0
725,Male,47.0,Electronics,2.0,300.0,153.0,600.0
163,Male,51.0,Electronics,3.0,50.0,21.0,150.0
1757,Male,49.0,Clothing,4.0,50.0,13.5,200.0
74,Female,42.0,Electronics,4.0,500.0,210.0,2000.0
1213,Male,58.0,Beauty,2.0,300.0,123.0,600.0
1996,Male,42.0,Beauty,3.0,500.0,235.0,1500.0
1415,Female,60.0,Beauty,1.0,300.0,351.0,300.0
191,Female,48.0,Electronics,3.0,50.0,17.0,150.0
744,Female,32.0,Beauty,1.0,300.0,132.0,300.0
173,Male,52.0,Clothing,1.0,30.0,9.3,30.0
1163,Female,45.0,Clothing,2.0,30.0,15.9,60.0
1144,Female,32.0,Beauty,4.0,30.0,8.4,120.0
628,Female,38.0,Beauty,2.0,500.0,270.0,1000.0
596,Male,54.0,Beauty,1.0,25.0,13.25,25.0
863,Female,27.0,Clothing,1.0,500.0,165.0,500.0
1432,Male,64.0,Beauty,3.0,30.0,34.2,90.0
847,Female,26.0,Clothing,3.0,300.0,114.0,900.0
1978,Male,18.0,Beauty,2.0,50.0,21.5,100.0
162,Female,64.0,Clothing,1.0,25.0,9.75,25.0
732,Male,39.0,Electronics,2.0,30.0,13.5,60.0
1112,Male,30.0,Beauty,1.0,500.0,240.0,500.0
1217,Female,50.0,Electronics,4.0,50.0,22.0,200.0
761,Male,62.0,Clothing,1.0,50.0,25.0,50.0
1088,Female,37.0,Electronics,2.0,30.0,9.3,60.0
1570,Female,28.0,Electronics,4.0,50.0,50.5,200.0
1948,Female,20.0,Electronics,1.0,300.0,96.0,300.0
1802,Female,49.0,Clothing,1.0,300.0,87.0,300.0
125,Male,29.0,Clothing,4.0,25.0,9.75,100.0
823,Female,58.0,Beauty,2.0,500.0,155.0,1000.0
1296,Female,64.0,Electronics,4.0,50.0,48.5,200.0
197,Female,24.0,Beauty,3.0,500.0,140.0,1500.0
118,Female,27.0,Beauty,1.0,50.0,26.0,50.0
1733,Male,51.0,Electronics,4.0,25.0,8.0,100.0
252,Male,19.0,Clothing,3.0,500.0,200.0,1500.0
248,Male,20.0,Beauty,4.0,300.0,141.0,1200.0
37,Female,45.0,Electronics,1.0,25.0,8.5,25.0
1048,Male,26.0,Electronics,1.0,30.0,16.2,30.0
1675,Male,31.0,Electronics,4.0,25.0,28.25,100.0
1954,Female,20.0,Electronics,1.0,300.0,126.0,300.0
1538,Female,22.0,Beauty,2.0,500.0,595.0,1000.0
1626,Female,28.0,Clothing,3.0,30.0,28.8,90.0
1305,Male,62.0,Electronics,3.0,50.0,61.5,150.0
1723,Female,57.0,Clothing,1.0,25.0,13.5,25.0
1218,Male,45.0,Beauty,2.0,50.0,24.5,100.0
391,Female,60.0,Clothing,4.0,25.0,11.25,100.0
338,Female,52.0,Clothing,4.0,30.0,10.8,120.0
998,Male,61.0,Beauty,4.0,25.0,10.0,100.0
783,Female,39.0,Electronics,2.0,25.0,9.75,50.0
133,Male,47.0,Clothing,3.0,300.0,123.0,900.0
1790,Male,51.0,Clothing,3.0,500.0,180.0,1500.0
1073,Female,26.0,Clothing,3.0,500.0,210.0,1500.0
826,Male,32.0,Beauty,3.0,300.0,165.0,900.0
420,Male,64.0,Beauty,2.0,500.0,195.0,1000.0
673,Male,54.0,Electronics,1.0,300.0,117.0,300.0
1147,Female,54.0,Beauty,3.0,500.0,170.0,1500.0
642,Female,34.0,Beauty,2.0,50.0,20.5,100.0
605,Male,55.0,Clothing,1.0,30.0,8.4,30.0
1333,Female,63.0,Electronics,2.0,25.0,24.75,50.0
113,Male,51.0,Beauty,3.0,50.0,22.0,150.0
509,Male,20.0,Electronics,1.0,50.0,24.0,50.0
1839,Male,51.0,Electronics,4.0,500.0,175.0,2000.0
1118,Male,49.0,Beauty,2.0,300.0,75.0,600.0
459,Male,27.0,Beauty,1.0,500.0,230.0,500.0
369,Female,46.0,Clothing,4.0,50.0,14.0,200.0
1000,Female,28.0,Clothing,2.0,500.0,225.0,1000.0
1016,Male,28.0,Clothing,1.0,500.0,160.0,500.0
576,Male,23.0,Clothing,4.0,30.0,8.7,120.0
1542,Female,59.0,Electronics,1.0,500.0,510.0,500.0
1736,Male,51.0,Electronics,4.0,25.0,11.75,100.0
1816,Female,19.0,Electronics,2.0,30.0,15.6,60.0
799,Female,18.0,Beauty,3.0,25.0,8.75,75.0
735,Female,47.0,Beauty,3.0,500.0,185.0,1500.0
746,Female,48.0,Clothing,2.0,300.0,114.0,600.0
1079,Female,44.0,Clothing,4.0,25.0,6.25,100.0
226,Male,59.0,Clothing,2.0,500.0,130.0,1000.0
1822,Female,64.0,Clothing,1.0,30.0,15.6,30.0
1066,Male,45.0,Electronics,3.0,300.0,81.0,900.0
1449,Male,39.0,Beauty,1.0,25.0,31.25,25.0
1297,Female,59.0,Beauty,3.0,25.0,25.5,75.0
202,Female,64.0,Electronics,1.0,300.0,141.0,300.0
1534,Male,57.0,Beauty,4.0,300.0,354.0,1200.0
1581,Male,48.0,Clothing,4.0,25.0,28.5,100.0
1446,Female,64.0,Electronics,2.0,50.0,51.5,100.0
900,Male,43.0,Clothing,4.0,50.0,16.0,200.0
475,Female,43.0,Electronics,3.0,50.0,15.5,150.0
1798,Female,38.0,Electronics,3.0,30.0,10.2,90.0
782,Male,54.0,Clothing,3.0,25.0,12.75,75.0
1683,Female,52.0,Clothing,3.0,300.0,324.0,900.0
1975,Female,34.0,Clothing,2.0,50.0,14.5,100.0
818,Male,46.0,Electronics,2.0,500.0,160.0,1000.0
181,Male,52.0,Clothing,1.0,30.0,12.0,30.0
238,Female,63.0,Clothing,3.0,25.0,12.5,75.0
9,Female,19.0,Beauty,1.0,25.0,10.5,25.0
1971,Female,32.0,Beauty,4.0,50.0,27.5,200.0
672,Male,24.0,Electronics,1.0,50.0,22.5,50.0
1496,Male,29.0,Beauty,3.0,30.0,29.4,90.0
306,Female,26.0,Clothing,2.0,500.0,135.0,1000.0
1311,Female,51.0,Clothing,3.0,25.0,30.5,75.0
1637,Female,19.0,Beauty,3.0,500.0,490.0,1500.0
1171,Female,58.0,Beauty,3.0,300.0,126.0,900.0
977,Male,52.0,Beauty,3.0,300.0,117.0,900.0
1200,Male,62.0,Clothing,1.0,25.0,7.5,25.0
1867,Female,55.0,Electronics,1.0,500.0,260.0,500.0
994,Female,42.0,Beauty,4.0,500.0,225.0,2000.0
1278,Male,22.0,Beauty,4.0,300.0,78.0,1200.0
541,Female,64.0,Beauty,1.0,500.0,250.0,500.0
808,Female,18.0,Beauty,3.0,25.0,11.5,75.0
86,Female,42.0,Clothing,1.0,30.0,15.9,30.0
1482,Male,64.0,Electronics,4.0,30.0,35.4,120.0
1023,Male,25.0,Beauty,1.0,500.0,135.0,500.0
1020,Male,20.0,Clothing,4.0,50.0,23.5,200.0
82,Male,64.0,Clothing,4.0,30.0,11.4,120.0
1995,Male,60.0,Electronics,2.0,25.0,7.5,50.0
111,Male,49.0,Clothing,4.0,25.0,13.75,100.0
652,Male,40.0,Clothing,3.0,25.0,8.5,75.0
921,Male,62.0,Electronics,2.0,25.0,10.75,50.0
947,Male,38.0,Electronics,3.0,500.0,255.0,1500.0
1100,Female,33.0,Clothing,2.0,25.0,7.5,50.0
1797,Male,54.0,Electronics,4.0,30.0,16.2,120.0
1998,Male,42.0,Beauty,3.0,500.0,235.0,1500.0
1571,Male,63.0,Electronics,4.0,300.0,312.0,1200.0
460,Male,60.0,Clothing,2.0,50.0,23.0,100.0
1580,Male,25.0,Beauty,3.0,25.0,28.5,75.0
1991,Female,49.0,Electronics,4.0,25.0,10.5,100.0
1316,Male,23.0,Beauty,2.0,30.0,35.4,60.0
984,Female,20.0,Electronics,4.0,300.0,84.0,1200.0
1289,Female,27.0,Beauty,3.0,25.0,11.25,75.0
1389,Male,42.0,Electronics,4.0,50.0,59.0,200.0
1546,Female,62.0,Clothing,1.0,300.0,294.0,300.0
1704,Male,19.0,Beauty,3.0,30.0,16.5,90.0
308,Male,24.0,Clothing,1.0,25.0,7.0,25.0
137,Male,32.0,Clothing,2.0,300.0,132.0,600.0
1251,Female,42.0,Electronics,1.0,30.0,12.3,30.0
1988,Female,30.0,Beauty,3.0,500.0,155.0,1500.0
524,Female,36.0,Beauty,2.0,500.0,145.0,1000.0
1801,Male,57.0,Electronics,1.0,300.0,105.0,300.0
1246,Female,63.0,Electronics,3.0,300.0,129.0,900.0
964,Male,45.0,Beauty,1.0,50.0,21.0,50.0
483,Female,42.0,Clothing,2.0,30.0,12.0,60.0
1267,Male,61.0,Electronics,1.0,300.0,153.0,300.0
1557,Male,47.0,Electronics,4.0,25.0,26.25,100.0
1001,Female,20.0,Clothing,1.0,30.0,11.7,30.0
806,Female,52.0,Beauty,3.0,50.0,13.5,150.0
911,Male,27.0,Clothing,3.0,300.0,99.0,900.0
1457,Female,27.0,Electronics,4.0,25.0,29.0,100.0
1072,Female,59.0,Beauty,3.0,500.0,255.0,1500.0
1605,Male,32.0,Clothing,1.0,50.0,56.0,50.0
1702,Male,19.0,Beauty,3.0,30.0,15.6,90.0
1367,Female,50.0,Clothing,4.0,50.0,55.0,200.0
1175,Male,50.0,Clothing,1.0,500.0,210.0,500.0
644,Female,24.0,Clothing,1.0,25.0,7.25,25.0
1985,Female,44.0,Electronics,1.0,25.0,13.25,25.0
1660,Female,19.0,Beauty,4.0,50.0,59.5,200.0
1644,Female,39.0,Beauty,3.0,300.0,309.0,900.0
1231,Male,22.0,Electronics,1.0,30.0,15.6,30.0
60,Female,50.0,Beauty,1.0,500.0,275.0,500.0
368,Male,42.0,Clothing,4.0,25.0,6.25,100.0
1624,Male,45.0,Beauty,4.0,500.0,605.0,2000.0
1190,Female,43.0,Electronics,3.0,300.0,153.0,900.0
114,Male,49.0,Electronics,1.0,50.0,16.0,50.0
728,Male,31.0,Electronics,1.0,500.0,270.0,500.0
1060,Male,61.0,Beauty,3.0,30.0,9.6,90.0
1568,Male,63.0,Electronics,4.0,300.0,345.0,1200.0
320,Male,34.0,Clothing,2.0,25.0,13.5,50.0
696,Female,51.0,Electronics,4.0,30.0,14.1,120.0
1891,Female,41.0,Electronics,1.0,50.0,16.0,50.0
1609,Female,62.0,Beauty,1.0,500.0,510.0,500.0
935,Female,54.0,Beauty,4.0,50.0,20.5,200.0
1293,Female,64.0,Electronics,4.0,50.0,56.0,200.0
1471,Male,26.0,Electronics,1.0,300.0,339.0,300.0
1076,Female,40.0,Clothing,3.0,30.0,14.1,90.0
1746,Female,48.0,Clothing,3.0,300.0,153.0,900.0
1096,Female,22.0,Beauty,4.0,25.0,12.0,100.0
1906,Male,36.0,Beauty,4.0,500.0,230.0,2000.0
1573,Male,26.0,Electronics,3.0,500.0,575.0,1500.0
462,Male,56.0,Clothing,1.0,500.0,185.0,500.0
472,Female,39.0,Beauty,4.0,300.0,105.0,1200.0
469,Female,39.0,Beauty,4.0,300.0,120.0,1200.0
149,Female,23.0,Electronics,2.0,500.0,220.0,1000.0
1616,Male,50.0,Electronics,2.0,50.0,55.5,100.0
766,Male,31.0,Electronics,4.0,500.0,255.0,2000.0
1721,Female,57.0,Clothing,1.0,25.0,13.25,25.0
488,Male,41.0,Electronics,3.0,300.0,99.0,900.0
317,Female,45.0,Beauty,4.0,25.0,7.75,100.0
927,Female,35.0,Beauty,2.0,50.0,26.0,100.0
1825,Female,35.0,Electronics,2.0,300.0,87.0,600.0
730,Female,52.0,Clothing,1.0,500.0,145.0,500.0
659,Male,38.0,Clothing,3.0,30.0,15.6,90.0
718,Male,54.0,Clothing,4.0,500.0,195.0,2000.0
1717,Male,19.0,Electronics,3.0,25.0,11.25,75.0
289,Male,53.0,Clothing,4.0,50.0,24.0,200.0
350,Female,42.0,Clothing,4.0,50.0,19.0,200.0
557,Male,61.0,Clothing,3.0,50.0,20.0,150.0
1331,Female,57.0,Beauty,4.0,50.0,57.5,200.0
84,Female,39.0,Beauty,1.0,500.0,165.0,500.0
1741,Female,35.0,Electronics,4.0,30.0,11.1,120.0
1655,Female,26.0,Electronics,3.0,500.0,610.0,1500.0
1874,Male,40.0,Electronics,1.0,25.0,9.75,25.0
1937,Female,30.0,Electronics,4.0,50.0,23.0,200.0
1731,Female,55.0,Beauty,1.0,50.0,20.5,50.0
764,Female,57.0,Clothing,2.0,500.0,165.0,1000.0
1412,Male,32.0,Beauty,2.0,25.0,28.5,50.0
194,Female,23.0,Beauty,1.0,300.0,90.0,300.0
651,Male,40.0,Beauty,1.0,50.0,22.0,50.0
273,Female,43.0,Clothing,1.0,300.0,120.0,300.0
999,Female,33.0,Clothing,1.0,50.0,14.0,50.0
1434,Male,41.0,Clothing,2.0,50.0,49.5,100.0
1854,Male,31.0,Electronics,1.0,500.0,275.0,500.0
1713,Male,56.0,Electronics,3.0,30.0,16.5,90.0
269,Male,60.0,Electronics,2.0,500.0,200.0,1000.0
278,Female,46.0,Beauty,1.0,25.0,13.0,25.0
1313,Male,23.0,Beauty,2.0,30.0,34.8,60.0
447,Female,55.0,Electronics,1.0,500.0,235.0,500.0
874,Male,59.0,Clothing,3.0,300.0,141.0,900.0
784,Male,37.0,Clothing,1.0,500.0,200.0,500.0
965,Female,37.0,Clothing,4.0,30.0,12.9,120.0
379,Male,59.0,Clothing,1.0,25.0,12.25,25.0
1964,Female,64.0,Beauty,1.0,50.0,19.0,50.0
75,Female,34.0,Beauty,4.0,500.0,260.0,2000.0
1543,Male,22.0,Clothing,3.0,25.0,29.75,75.0
689,Male,39.0,Beauty,2.0,300.0,111.0,600.0
307,Female,44.0,Electronics,2.0,300.0,132.0,600.0
1630,Female,57.0,Beauty,1.0,50.0,49.5,50.0
1827,Female,37.0,Clothing,1.0,50.0,22.0,50.0
284,Male,52.0,Electronics,2.0,25.0,10.5,50.0
1338,Male,43.0,Clothing,2.0,300.0,321.0,600.0
235,Male,30.0,Beauty,1.0,25.0,13.25,25.0
1709,Female,18.0,Clothing,4.0,500.0,255.0,2000.0
1232,Male,53.0,Beauty,4.0,300.0,87.0,1200.0
1167,Female,45.0,Clothing,2.0,30.0,16.2,60.0
1429,Female,38.0,Electronics,1.0,30.0,28.8,30.0
1271,Male,39.0,Clothing,2.0,30.0,12.6,60.0
1133,Male,41.0,Electronics,1.0,500.0,180.0,500.0
443,Female,55.0,Electronics,1.0,500.0,235.0,500.0
917,Male,57.0,Electronics,2.0,500.0,260.0,1000.0
1117,Male,54.0,Beauty,2.0,50.0,20.0,100.0
1441,Female,62.0,Beauty,2.0,50.0,50.0,100.0
510,Male,21.0,Beauty,4.0,50.0,12.5,200.0
1527,Male,43.0,Clothing,4.0,30.0,32.1,120.0
1615,Female,43.0,Clothing,4.0,500.0,500.0,2000.0
1126,Female,60.0,Clothing,2.0,300.0,87.0,600.0
1064,Female,35.0,Beauty,4.0,500.0,270.0,2000.0
53,Male,38.0,Electronics,2.0,300.0,75.0,600.0
1639,Female,61.0,Clothing,1.0,50.0,57.5,50.0
862,Male,64.0,Beauty,1.0,25.0,13.5,25.0
527,Female,35.0,Clothing,4.0,30.0,8.1,120.0
951,Female,58.0,Clothing,1.0,25.0,10.5,25.0
665,Female,60.0,Beauty,3.0,30.0,10.8,90.0
1510,Female,52.0,Clothing,4.0,50.0,62.5,200.0
810,Female,47.0,Electronics,3.0,300.0,138.0,900.0
1719,Male,19.0,Electronics,3.0,25.0,12.0,75.0
65,Female,43.0,Beauty,3.0,300.0,162.0,900.0
1445,Female,50.0,Electronics,3.0,300.0,318.0,900.0
1871,Female,33.0,Electronics,4.0,300.0,132.0,1200.0
413,Female,55.0,Beauty,3.0,500.0,140.0,1500.0
1838,Female,36.0,Electronics,3.0,50.0,21.5,150.0
949,Female,64.0,Clothing,4.0,30.0,15.6,120.0
729,Male,39.0,Electronics,2.0,30.0,9.0,60.0
709,Male,62.0,Electronics,4.0,500.0,165.0,2000.0
1177,Female,60.0,Electronics,2.0,500.0,155.0,1000.0
1443,Female,56.0,Clothing,3.0,30.0,28.5,90.0
1685,Female,52.0,Clothing,3.0,300.0,369.0,900.0
692,Male,40.0,Electronics,1.0,25.0,6.5,25.0
184,Male,34.0,Clothing,3.0,50.0,17.0,150.0
892,Male,25.0,Beauty,1.0,500.0,205.0,500.0
1487,Male,64.0,Electronics,4.0,30.0,31.8,120.0
946,Female,58.0,Clothing,1.0,25.0,6.75,25.0
906,Female,26.0,Electronics,2.0,25.0,10.5,50.0
1459,Male,57.0,Electronics,3.0,50.0,58.0,150.0
1779,Female,32.0,Clothing,2.0,30.0,7.5,60.0
660,Male,42.0,Beauty,1.0,30.0,9.0,30.0
1782,Female,32.0,Clothing,2.0,30.0,9.9,60.0
83,Female,59.0,Clothing,1.0,25.0,6.75,25.0
1585,Male,64.0,Beauty,1.0,25.0,28.25,25.0
1244,Male,42.0,Clothing,2.0,50.0,16.0,100.0
1101,Male,27.0,Beauty,3.0,500.0,275.0,1500.0
342,Female,36.0,Beauty,1.0,300.0,111.0,300.0
1772,Male,57.0,Beauty,4.0,300.0,147.0,1200.0
767,Female,57.0,Clothing,2.0,500.0,165.0,1000.0
745,Female,64.0,Beauty,1.0,30.0,12.0,30.0
1659,Male,21.0,Electronics,2.0,25.0,30.0,50.0
193,Female,43.0,Beauty,1.0,25.0,6.25,25.0
1577,Male,26.0,Electronics,3.0,500.0,570.0,1500.0
265,Male,54.0,Clothing,4.0,25.0,10.0,100.0
913,Male,31.0,Clothing,1.0,300.0,93.0,300.0
1903,Female,52.0,Beauty,2.0,30.0,15.9,60.0
695,Male,31.0,Clothing,4.0,50.0,21.0,200.0
98,Female,53.0,Electronics,1.0,300.0,138.0,300.0
438,Male,45.0,Beauty,2.0,50.0,26.5,100.0
1653,Male,35.0,Clothing,3.0,30.0,30.9,90.0
1535,Female,48.0,Beauty,2.0,300.0,360.0,600.0
711,Male,48.0,Beauty,4.0,25.0,9.75,100.0
1400,Female,62.0,Clothing,2.0,25.0,28.5,50.0
1806,Male,58.0,Clothing,3.0,500.0,130.0,1500.0
1726,Male,35.0,Clothing,3.0,300.0,75.0,900.0
1137,Female,26.0,Beauty,2.0,500.0,240.0,1000.0
1554,Male,35.0,Clothing,3.0,50.0,50.5,150.0
1216,Male,58.0,Beauty,2.0,300.0,81.0,600.0
1113,Female,22.0,Electronics,1.0,500.0,270.0,500.0
1374,Female,43.0,Beauty,3.0,300.0,375.0,900.0
1166,Female,50.0,Beauty,2.0,50.0,14.5,100.0
304,Male,20.0,Clothing,2.0,25.0,13.0,50.0
1619,Female,43.0,Clothing,4.0,500.0,485.0,2000.0
1266,Male,54.0,Electronics,1.0,50.0,26.5,50.0
1279,Female,49.0,Beauty,3.0,25.0,11.75,75.0
769,Male,30.0,Electronics,1.0,500.0,265.0,500.0
209,Female,43.0,Electronics,2.0,25.0,7.0,50.0
1225,Male,47.0,Beauty,2.0,500.0,245.0,1000.0
878,Female,25.0,Electronics,1.0,50.0,18.5,50.0
858,Male,62.0,Electronics,2.0,25.0,11.0,50.0
1474,Female,21.0,Beauty,4.0,25.0,27.5,100.0
1648,Female,42.0,Electronics,2.0,30.0,34.2,60.0
1815,Male,21.0,Clothing,2.0,25.0,12.25,50.0
1242,Male,52.0,Electronics,4.0,50.0,18.0,200.0
1935,Male,29.0,Clothing,1.0,50.0,22.0,50.0
67,Female,24.0,Beauty,3.0,25.0,8.75,75.0
336,Female,22.0,Electronics,2.0,25.0,7.5,50.0
1472,Male,27.0,Beauty,3.0,25.0,24.75,75.0
708,Male,63.0,Electronics,3.0,25.0,7.75,75.0
1599,Male,41.0,Electronics,1.0,50.0,48.5,50.0
1645,Female,61.0,Clothing,1.0,50.0,51.0,50.0
664,Male,21.0,Beauty,2.0,500.0,155.0,1000.0
762,Male,40.0,Electronics,1.0,50.0,14.5,50.0
1086,Female,28.0,Electronics,4.0,50.0,23.5,200.0
1142,Female,32.0,Beauty,4.0,30.0,12.6,120.0
820,Female,58.0,Beauty,2.0,500.0,235.0,1000.0
996,Female,33.0,Clothing,1.0,50.0,14.0,50.0
1099,Male,25.0,Electronics,4.0,500.0,165.0,2000.0
1809,Male,48.0,Clothing,1.0,300.0,141.0,300.0
57,Male,38.0,Electronics,2.0,300.0,126.0,600.0
1696,Female,43.0,Clothing,1.0,25.0,7.25,25.0
50,Female,18.0,Beauty,3.0,30.0,15.3,90.0
1776,Female,40.0,Electronics,1.0,300.0,165.0,300.0
1506,Male,31.0,Clothing,1.0,500.0,585.0,500.0
939,Male,47.0,Clothing,4.0,300.0,93.0,1200.0
1349,Male,30.0,Beauty,4.0,30.0,34.2,120.0
653,Female,40.0,Electronics,3.0,25.0,7.5,75.0
752,Female,30.0,Electronics,4.0,500.0,170.0,2000.0
179,Male,54.0,Beauty,1.0,30.0,14.7,30.0
830,Female,26.0,Electronics,2.0,25.0,8.5,50.0
871,Female,20.0,Clothing,1.0,50.0,17.0,50.0
1674,Female,37.0,Electronics,3.0,500.0,520.0,1500.0
1116,Male,43.0,Electronics,1.0,300.0,117.0,300.0
360,Male,63.0,Clothing,4.0,500.0,235.0,2000.0
889,Male,21.0,Electronics,1.0,50.0,13.0,50.0
326,Female,60.0,Beauty,4.0,25.0,8.5,100.0
1275,Female,57.0,Electronics,2.0,30.0,8.7,60.0
686,Male,35.0,Electronics,2.0,30.0,14.4,60.0
645,Female,34.0,Beauty,2.0,50.0,20.5,100.0
1365,Female,22.0,Clothing,4.0,300.0,342.0,1200.0
1497,Female,64.0,Clothing,4.0,500.0,515.0,2000.0
1860,Female,46.0,Electronics,3.0,300.0,87.0,900.0
1774,Female,42.0,Electronics,3.0,30.0,16.2,90.0
484,Female,56.0,Beauty,2.0,30.0,14.7,60.0
528,Female,39.0,Beauty,1.0,300.0,132.0,300.0
1521,Male,60.0,Electronics,4.0,500.0,520.0,2000.0
538,Female,49.0,Beauty,4.0,50.0,24.5,200.0
315,Female,32.0,Clothing,1.0,30.0,15.9,30.0
809,Female,20.0,Electronics,4.0,500.0,180.0,2000.0
1453,Male,39.0,Electronics,2.0,50.0,54.0,100.0
55,Male,53.0,Electronics,4.0,25.0,6.5,100.0
1898,Female,49.0,Electronics,3.0,25.0,13.0,75.0
914,Male,59.0,Clothing,4.0,25.0,10.0,100.0
1657,Male,30.0,Beauty,4.0,50.0,50.0,200.0
1902,Male,23.0,Clothing,2.0,300.0,120.0,600.0
629,Female,26.0,Clothing,2.0,30.0,7.5,60.0
144,Male,51.0,Electronics,1.0,500.0,250.0,500.0
1997,Male,55.0,Electronics,1.0,30.0,15.0,30.0
1234,Female,31.0,Electronics,1.0,25.0,13.5,25.0
1522,Male,56.0,Electronics,1.0,25.0,29.75,25.0
313,Male,29.0,Beauty,4.0,50.0,15.5,200.0
1350,Male,25.0,Electronics,1.0,300.0,315.0,300.0
1914,Female,50.0,Electronics,4.0,300.0,132.0,1200.0
504,Male,21.0,Beauty,4.0,50.0,20.0,200.0
1607,Male,48.0,Electronics,1.0,50.0,60.5,50.0
479,Female,43.0,Electronics,3.0,50.0,26.0,150.0
1438,Female,62.0,Electronics,1.0,300.0,330.0,300.0
100,Female,53.0,Electronics,1.0,300.0,129.0,300.0
1853,Female,25.0,Electronics,1.0,300.0,138.0,300.0
1598,Male,41.0,Electronics,1.0,50.0,60.5,50.0
136,Male,32.0,Clothing,2.0,300.0,135.0,600.0
250,Female,27.0,Beauty,4.0,50.0,16.5,200.0
546,Male,34.0,Beauty,1.0,300.0,96.0,300.0
537,Male,54.0,Beauty,2.0,50.0,21.0,100.0
1413,Male,32.0,Clothing,1.0,50.0,59.0,50.0
1097,Male,50.0,Clothing,1.0,50.0,19.0,50.0
1744,Male,18.0,Beauty,3.0,500.0,255.0,1500.0
154,Female,43.0,Clothing,3.0,500.0,270.0,1500.0
770,Female,46.0,Clothing,1.0,50.0,14.0,50.0
1972,Female,38.0,Beauty,3.0,300.0,150.0,900.0
452,Male,34.0,Electronics,2.0,50.0,18.5,100.0
1,Male,46.0,Beauty,3.0,500.0,145.0,1500.0
1461,Female,27.0,Electronics,4.0,25.0,26.75,100.0
35,Male,51.0,Electronics,3.0,25.0,7.5,75.0
188,Male,31.0,Clothing,3.0,50.0,19.0,150.0
1356,Female,59.0,Clothing,1.0,500.0,620.0,500.0
1832,Male,24.0,Electronics,1.0,30.0,15.6,30.0
1812,Male,48.0,Clothing,1.0,300.0,132.0,300.0
130,Male,47.0,Clothing,3.0,300.0,150.0,900.0
186,Female,25.0,Beauty,4.0,50.0,27.0,200.0
1951,Male,35.0,Beauty,1.0,500.0,225.0,500.0
52,Male,50.0,Electronics,1.0,30.0,8.1,30.0
742,Male,56.0,Clothing,2.0,500.0,175.0,1000.0
1756,Female,28.0,Beauty,2.0,50.0,20.5,100.0
815,Female,52.0,Beauty,3.0,50.0,21.0,150.0
406,Female,35.0,Beauty,3.0,300.0,165.0,900.0
1128,Male,41.0,Electronics,1.0,500.0,165.0,500.0
1787,Male,41.0,Beauty,2.0,25.0,6.75,50.0
1084,Female,37.0,Electronics,2.0,30.0,15.6,60.0
1287,Male,52.0,Electronics,4.0,300.0,105.0,1200.0
1821,Male,37.0,Clothing,3.0,500.0,180.0,1500.0
73,Male,27.0,Electronics,4.0,25.0,6.5,100.0
825,Female,54.0,Clothing,4.0,30.0,9.3,120.0
788,Male,59.0,Clothing,3.0,500.0,240.0,1500.0
1773,Female,40.0,Electronics,1.0,300.0,144.0,300.0
771,Male,30.0,Electronics,1.0,500.0,150.0,500.0
1300,Female,46.0,Beauty,1.0,25.0,27.25,25.0
1421,Female,42.0,Beauty,4.0,50.0,62.5,200.0
1028,Female,36.0,Clothing,2.0,30.0,9.6,60.0
1755,Male,49.0,Clothing,4.0,50.0,23.0,200.0
1582,Male,25.0,Beauty,3.0,25.0,29.25,75.0
840,Female,26.0,Beauty,3.0,30.0,12.9,90.0
58,Female,19.0,Clothing,4.0,300.0,147.0,1200.0
1151,Male,37.0,Beauty,4.0,30.0,9.9,120.0
321,Female,45.0,Beauty,4.0,25.0,6.25,100.0
463,Male,56.0,Clothing,1.0,500.0,155.0,500.0
1803,Male,58.0,Clothing,3.0,500.0,145.0,1500.0
16,Male,30.0,Beauty,3.0,30.0,8.4,90.0
393,Male,54.0,Clothing,3.0,25.0,7.75,75.0
480,Male,43.0,Electronics,3.0,50.0,18.0,150.0
1104,Male,37.0,Electronics,2.0,500.0,180.0,1000.0
801,Female,47.0,Electronics,3.0,300.0,156.0,900.0
266,Male,60.0,Electronics,2.0,500.0,190.0,1000.0
1462,Female,32.0,Clothing,3.0,300.0,312.0,900.0
925,Female,25.0,Clothing,3.0,300.0,162.0,900.0
1321,Male,56.0,Clothing,1.0,500.0,480.0,500.0
280,Female,28.0,Beauty,3.0,25.0,6.75,75.0
1230,Male,53.0,Beauty,4.0,300.0,138.0,1200.0
1663,Male,21.0,Electronics,2.0,25.0,28.5,50.0
894,Male,25.0,Beauty,1.0,500.0,170.0,500.0
741,Female,30.0,Electronics,4.0,500.0,270.0,2000.0
1383,Female,22.0,Beauty,2.0,25.0,27.75,50.0
1977,Female,54.0,Electronics,2.0,300.0,153.0,600.0
119,Female,56.0,Beauty,3.0,500.0,235.0,1500.0
1094,Female,22.0,Beauty,4.0,25.0,9.25,100.0
834,Female,64.0,Clothing,4.0,500.0,170.0,2000.0
489,Female,35.0,Clothing,4.0,300.0,90.0,1200.0
1789,Female,42.0,Beauty,4.0,25.0,6.25,100.0
445,Female,40.0,Clothing,1.0,25.0,11.25,25.0
836,Female,63.0,Clothing,3.0,25.0,8.0,75.0
700,Female,48.0,Clothing,3.0,500.0,240.0,1500.0
884,Female,43.0,Electronics,4.0,300.0,114.0,1200.0
1693,Female,33.0,Clothing,1.0,500.0,275.0,500.0
1381,Male,32.0,Electronics,2.0,25.0,25.0,50.0
1747,Male,52.0,Beauty,3.0,30.0,10.2,90.0
1864,Female,46.0,Electronics,3.0,300.0,147.0,900.0
635,Female,56.0,Beauty,3.0,25.0,8.5,75.0
923,Female,55.0,Clothing,1.0,500.0,125.0,500.0
1298,Male,34.0,Electronics,1.0,30.0,28.5,30.0
43,Female,27.0,Clothing,1.0,30.0,15.6,30.0
948,Female,50.0,Clothing,4.0,25.0,12.5,100.0
978,Male,62.0,Electronics,4.0,500.0,270.0,2000.0
11,Male,19.0,Electronics,3.0,30.0,15.0,90.0
846,Male,28.0,Electronics,4.0,300.0,78.0,1200.0
1710,Male,61.0,Beauty,3.0,300.0,132.0,900.0
156,Female,28.0,Electronics,4.0,300.0,84.0,1200.0
334,Female,52.0,Electronics,4.0,25.0,12.75,100.0
1633,Female,52.0,Electronics,3.0,50.0,49.0,150.0
1530,Male,57.0,Beauty,4.0,300.0,351.0,1200.0
54,Female,19.0,Clothing,4.0,300.0,75.0,1200.0
1517,Male,57.0,Electronics,2.0,50.0,47.5,100.0
604,Female,45.0,Beauty,1.0,30.0,15.0,30.0
205,Female,43.0,Electronics,2.0,25.0,8.25,50.0
1591,Male,44.0,Clothing,2.0,30.0,35.1,60.0
339,Female,52.0,Electronics,4.0,25.0,12.5,100.0
117,Female,29.0,Beauty,3.0,300.0,150.0,900.0
598,Female,51.0,Clothing,3.0,30.0,13.5,90.0
883,Male,53.0,Beauty,4.0,50.0,23.0,200.0
1315,Male,38.0,Clothing,4.0,50.0,60.0,200.0
1493,Female,34.0,Electronics,4.0,50.0,57.0,200.0
1784,Female,43.0,Clothing,4.0,25.0,7.0,100.0
131,Male,29.0,Electronics,3.0,30.0,16.5,90.0
1514,Female,52.0,Clothing,4.0,50.0,54.5,200.0
428,Male,60.0,Clothing,1.0,50.0,21.5,50.0
1049,Male,26.0,Electronics,1.0,30.0,13.2,30.0
206,Female,46.0,Electronics,4.0,25.0,9.5,100.0
105,Female,54.0,Electronics,2.0,500.0,125.0,1000.0
1399,Female,18.0,Clothing,3.0,25.0,28.75,75.0
1140,Male,56.0,Beauty,1.0,500.0,195.0,500.0
1308,Female,51.0,Electronics,1.0,300.0,336.0,300.0
41,Male,63.0,Clothing,4.0,50.0,18.0,200.0
1067,Female,43.0,Electronics,2.0,30.0,11.1,60.0
473,Male,33.0,Beauty,4.0,500.0,210.0,2000.0
1531,Female,48.0,Beauty,2.0,300.0,345.0,600.0
1299,Female,34.0,Beauty,3.0,300.0,342.0,900.0
685,Male,56.0,Electronics,2.0,300.0,159.0,600.0
1165,Male,61.0,Clothing,1.0,50.0,15.0,50.0
28,Female,,Electronics,4.0,30.0,16.2,120.0
1845,Male,47.0,Beauty,3.0,30.0,16.2,90.0
833,Female,26.0,Electronics,2.0,25.0,11.75,50.0
1264,Male,29.0,Electronics,3.0,30.0,9.0,90.0
1002,Female,28.0,Clothing,2.0,500.0,200.0,1000.0
602,Male,43.0,Clothing,4.0,30.0,15.6,120.0
1670,Female,42.0,Clothing,3.0,30.0,35.1,90.0
944,Female,64.0,Clothing,4.0,30.0,12.9,120.0
386,Male,19.0,Electronics,2.0,500.0,230.0,1000.0
1661,Female,29.0,Clothing,1.0,300.0,345.0,300.0
301,Male,64.0,Beauty,1.0,50.0,13.0,50.0
1618,Male,61.0,Clothing,1.0,25.0,27.0,25.0
1938,Female,30.0,Beauty,3.0,300.0,114.0,900.0
433,Female,21.0,Beauty,3.0,500.0,230.0,1500.0
1706,Female,18.0,Clothing,4.0,500.0,210.0,2000.0
1463,Female,61.0,Clothing,4.0,500.0,510.0,2000.0
901,Female,31.0,Electronics,4.0,30.0,9.3,120.0
68,Male,46.0,Beauty,2.0,30.0,16.5,60.0
395,Male,51.0,Clothing,3.0,500.0,160.0,1500.0
340,Female,40.0,Beauty,2.0,500.0,275.0,1000.0
224,Male,49.0,Beauty,4.0,25.0,6.75,100.0
517,Male,31.0,Electronics,1.0,30.0,12.0,30.0
351,Female,35.0,Clothing,3.0,25.0,7.25,75.0
1753,Female,47.0,Beauty,4.0,25.0,11.25,100.0
582,Female,58.0,Clothing,3.0,25.0,6.75,75.0
1092,Female,19.0,Electronics,2.0,500.0,140.0,1000.0
1788,Male,51.0,Clothing,3.0,500.0,255.0,1500.0
485,Female,37.0,Clothing,3.0,500.0,255.0,1500.0
555,Female,34.0,Electronics,3.0,500.0,130.0,1500.0
562,Female,42.0,Beauty,2.0,25.0,10.0,50.0
1450,Male,39.0,Electronics,2.0,50.0,51.0,100.0
1085,Male,63.0,Electronics,3.0,500.0,205.0,1500.0
1904,Male,36.0,Beauty,4.0,500.0,230.0,2000.0
203,Male,57.0,Beauty,4.0,50.0,12.5,200.0
1703,Male,64.0,Electronics,4.0,30.0,14.1,120.0
1576,Male,23.0,Electronics,2.0,30.0,36.0,60.0
390,Male,54.0,Clothing,3.0,25.0,13.25,75.0
1856,Male,31.0,Electronics,1.0,500.0,250.0,500.0
1651,Male,35.0,Beauty,3.0,25.0,27.25,75.0
407,Male,44.0,Electronics,2.0,300.0,81.0,600.0
1708,Male,22.0,Clothing,4.0,50.0,13.0,200.0
630,Female,30.0,Clothing,3.0,300.0,165.0,900.0
1897,Male,63.0,Electronics,2.0,300.0,78.0,600.0
750,Male,62.0,Clothing,1.0,50.0,13.5,50.0
958,Female,24.0,Electronics,4.0,25.0,13.0,100.0
1390,Female,29.0,Electronics,4.0,50.0,50.5,200.0
1910,Female,45.0,Electronics,1.0,30.0,13.5,30.0
109,Female,46.0,Beauty,4.0,500.0,275.0,2000.0
650,Male,50.0,Electronics,3.0,30.0,14.1,90.0
367,Male,26.0,Clothing,3.0,300.0,111.0,900.0
1397,Female,60.0,Clothing,4.0,300.0,291.0,1200.0
1265,Male,39.0,Clothing,2.0,30.0,9.0,60.0
520,Male,57.0,Clothing,2.0,25.0,11.5,50.0
1498,Male,40.0,Clothing,2.0,30.0,33.0,60.0
688,Male,60.0,Beauty,1.0,50.0,12.5,50.0
421,Male,39.0,Beauty,2.0,50.0,27.0,100.0
1701,Male,36.0,Clothing,3.0,300.0,84.0,900.0
1090,Female,28.0,Electronics,4.0,50.0,26.0,200.0
1632,Male,33.0,Clothing,4.0,500.0,515.0,2000.0
1807,Male,36.0,Beauty,1.0,25.0,11.25,25.0
1508,Male,50.0,Electronics,3.0,500.0,525.0,1500.0
934,Female,20.0,Beauty,1.0,50.0,24.0,50.0
1919,Female,47.0,Beauty,2.0,25.0,7.0,50.0
439,Male,23.0,Electronics,3.0,50.0,12.5,150.0
956,Female,24.0,Electronics,4.0,25.0,7.75,100.0
1396,Female,60.0,Clothing,4.0,300.0,318.0,1200.0
254,Male,20.0,Beauty,4.0,300.0,90.0,1200.0
1152,Female,29.0,Electronics,1.0,500.0,125.0,500.0
683,Male,30.0,Beauty,2.0,50.0,17.5,100.0
208,Male,43.0,Clothing,4.0,50.0,18.0,200.0
1882,Female,64.0,Clothing,2.0,30.0,13.2,60.0
1254,Male,46.0,Electronics,1.0,500.0,190.0,500.0
860,Male,57.0,Electronics,2.0,25.0,8.75,50.0
1500,Male,41.0,Electronics,2.0,30.0,35.7,60.0
694,Male,39.0,Beauty,2.0,300.0,114.0,600.0
1430,Male,64.0,Beauty,3.0,30.0,33.9,90.0
594,Female,55.0,Beauty,2.0,50.0,19.5,100.0
1791,Female,42.0,Beauty,4.0,25.0,9.75,100.0
63,Female,24.0,Beauty,3.0,25.0,10.5,75.0
1946,Female,26.0,Beauty,1.0,25.0,9.0,25.0
592,Male,41.0,Beauty,3.0,500.0,270.0,1500.0
411,Female,35.0,Beauty,3.0,300.0,102.0,900.0
256,Female,27.0,Beauty,4.0,50.0,16.5,200.0
223,Male,61.0,Electronics,2.0,500.0,250.0,1000.0
643,Male,38.0,Clothing,1.0,500.0,225.0,500.0
1712,Male,50.0,Electronics,1.0,25.0,12.25,25.0
1528,Male,31.0,Beauty,4.0,30.0,31.8,120.0
387,Male,19.0,Electronics,2.0,500.0,210.0,1000.0
1348,Male,46.0,Beauty,4.0,300.0,315.0,1200.0
358,Female,54.0,Beauty,3.0,300.0,159.0,900.0
1314,Female,62.0,Clothing,3.0,30.0,34.8,90.0
1952,Female,26.0,Beauty,1.0,25.0,9.5,25.0
134,Male,29.0,Electronics,3.0,30.0,14.1,90.0
423,Male,60.0,Clothing,1.0,50.0,13.0,50.0
590,Female,52.0,Clothing,3.0,30.0,11.4,90.0
498,Female,18.0,Electronics,4.0,300.0,162.0,1200.0
897,Male,43.0,Clothing,4.0,50.0,12.5,200.0
121,Female,29.0,Beauty,3.0,300.0,114.0,900.0
1384,Female,34.0,Beauty,1.0,50.0,55.5,50.0
1968,Male,23.0,Clothing,1.0,30.0,15.3,30.0
79,Female,59.0,Clothing,1.0,25.0,10.75,25.0
556,Female,42.0,Beauty,2.0,25.0,10.25,50.0
431,Male,49.0,Clothing,4.0,50.0,26.5,200.0
270,Female,43.0,Clothing,1.0,300.0,84.0,300.0
263,Male,19.0,Beauty,4.0,500.0,255.0,2000.0
763,Male,31.0,Electronics,4.0,500.0,150.0,2000.0
822,Male,26.0,Clothing,2.0,300.0,99.0,600.0
1158,Female,53.0,Electronics,1.0,300.0,150.0,300.0
1043,Female,20.0,Beauty,1.0,50.0,26.5,50.0
1273,Male,61.0,Electronics,1.0,300.0,105.0,300.0
1950,Female,60.0,Electronics,3.0,300.0,144.0,900.0
1924,Female,46.0,Electronics,1.0,300.0,135.0,300.0
734,Female,40.0,Electronics,2.0,30.0,11.7,60.0
160,Male,51.0,Electronics,3.0,50.0,16.0,150.0
719,Male,54.0,Clothing,4.0,50.0,13.0,200.0
636,Female,41.0,Clothing,1.0,30.0,9.9,30.0
1238,Male,42.0,Clothing,2.0,50.0,25.5,100.0
1464,Female,32.0,Clothing,3.0,300.0,306.0,900.0
1578,Female,43.0,Electronics,4.0,25.0,28.5,100.0
1475,Male,41.0,Clothing,4.0,30.0,37.2,120.0
225,Male,28.0,Electronics,3.0,30.0,13.8,90.0
161,Male,35.0,Electronics,4.0,300.0,114.0,1200.0
1956,Female,60.0,Electronics,3.0,300.0,102.0,900.0
950,Male,24.0,Beauty,4.0,300.0,123.0,1200.0
476,Male,43.0,Electronics,3.0,50.0,22.5,150.0
859,Female,25.0,Clothing,2.0,25.0,8.0,50.0
370,Female,30.0,Beauty,1.0,25.0,10.5,25.0
544,Male,62.0,Beauty,1.0,25.0,13.25,25.0
122,Female,27.0,Beauty,1.0,50.0,13.5,50.0
903,Male,50.0,Electronics,3.0,500.0,255.0,1500.0
264,Female,28.0,Electronics,1.0,30.0,8.7,30.0
1424,Male,24.0,Electronics,4.0,25.0,31.0,100.0
69,Male,53.0,Clothing,1.0,500.0,200.0,500.0
309,Male,29.0,Beauty,4.0,50.0,20.0,200.0
1040,Female,47.0,Clothing,2.0,50.0,15.0,100.0
1053,Female,51.0,Beauty,4.0,25.0,11.5,100.0
1686,Female,40.0,Beauty,3.0,500.0,600.0,1500.0
501,Male,52.0,Clothing,4.0,30.0,16.2,120.0
773,Male,61.0,Beauty,2.0,25.0,6.75,50.0
1366,Male,23.0,Beauty,3.0,25.0,28.75,75.0
513,Female,51.0,Clothing,2.0,30.0,12.6,60.0
1983,Male,64.0,Electronics,2.0,25.0,12.0,50.0
1592,Female,36.0,Clothing,4.0,300.0,348.0,1200.0
1963,Female,43.0,Electronics,4.0,300.0,132.0,1200.0
1143,Female,53.0,Electronics,3.0,50.0,14.5,150.0
751,Male,54.0,Electronics,3.0,300.0,93.0,900.0
983,Female,46.0,Electronics,3.0,300.0,120.0,900.0
1762,Female,48.0,Beauty,2.0,30.0,13.8,60.0
1560,Male,47.0,Electronics,4.0,25.0,24.25,100.0
1668,Female,37.0,Electronics,3.0,500.0,485.0,1500.0
1625,Male,37.0,Beauty,3.0,500.0,605.0,1500.0
973,Male,62.0,Electronics,4.0,500.0,170.0,2000.0
1327,Female,53.0,Clothing,4.0,500.0,525.0,2000.0
1478,Male,51.0,Electronics,3.0,300.0,291.0,900.0
1017,Male,28.0,Clothing,1.0,500.0,220.0,500.0
789,Male,42.0,Electronics,3.0,300.0,75.0,900.0
337,Female,31.0,Beauty,4.0,50.0,17.0,200.0
1256,Male,30.0,Clothing,3.0,500.0,135.0,1500.0
1911,Male,54.0,Electronics,2.0,50.0,17.5,100.0
932,Male,41.0,Electronics,1.0,30.0,13.2,30.0
47,Female,18.0,Beauty,,,,
80,Female,39.0,Beauty,1.0,500.0,150.0,500.0
1858,Male,27.0,Clothing,2.0,300.0,78.0,600.0
1830,Male,45.0,Beauty,3.0,500.0,190.0,1500.0
1662,Male,31.0,Electronics,3.0,300.0,366.0,900.0
1093,Female,19.0,Electronics,2.0,500.0,185.0,1000.0
609,Male,41.0,Clothing,2.0,50.0,16.0,100.0
120,Male,28.0,Clothing,4.0,30.0,9.0,120.0
1689,Female,25.0,Clothing,4.0,300.0,342.0,1200.0
1551,Male,35.0,Clothing,3.0,50.0,62.0,150.0
1209,Male,20.0,Clothing,2.0,30.0,15.3,60.0
1888,Male,55.0,Clothing,3.0,300.0,111.0,900.0
42,Male,31.0,Electronics,4.0,50.0,17.0,200.0
1458,Male,31.0,Electronics,1.0,300.0,354.0,300.0
1749,Male,46.0,Beauty,2.0,500.0,125.0,1000.0
1844,Male,50.0,Electronics,2.0,500.0,175.0,1000.0
1301,Male,34.0,Electronics,1.0,30.0,35.1,30.0
192,Male,31.0,Clothing,3.0,50.0,17.0,150.0
450,Female,34.0,Clothing,4.0,300.0,120.0,1200.0
1976,Male,18.0,Beauty,2.0,50.0,26.5,100.0
1593,Male,25.0,Beauty,1.0,300.0,312.0,300.0
157,Female,43.0,Clothing,3.0,500.0,185.0,1500.0
1799,Male,57.0,Electronics,1.0,300.0,102.0,300.0
449,Female,40.0,Clothing,1.0,25.0,11.75,25.0
1501,Female,30.0,Beauty,2.0,300.0,318.0,600.0
361,Male,60.0,Electronics,2.0,25.0,8.75,50.0
78,Male,64.0,Clothing,4.0,30.0,13.2,120.0
1490,Male,56.0,Clothing,4.0,25.0,26.5,100.0
1155,Female,41.0,Electronics,2.0,25.0,12.5,50.0
1563,Male,57.0,Clothing,1.0,50.0,55.5,50.0
988,Female,37.0,Electronics,3.0,300.0,129.0,900.0
1751,Female,63.0,Beauty,1.0,30.0,15.9,30.0
1180,Male,38.0,Electronics,1.0,30.0,15.9,30.0
1775,Male,57.0,Beauty,4.0,300.0,111.0,1200.0
408,Female,31.0,Electronics,4.0,25.0,11.5,100.0
316,Male,34.0,Clothing,2.0,25.0,11.5,50.0
539,Female,64.0,Beauty,1.0,500.0,140.0,500.0
213,Female,58.0,Clothing,2.0,300.0,75.0,600.0
152,Male,25.0,Clothing,4.0,500.0,250.0,2000.0
508,Male,37.0,Electronics,3.0,300.0,165.0,900.0
26,Male,,Beauty,2.0,25.0,9.25,50.0
1382,Male,23.0,Electronics,2.0,50.0,50.5,100.0
45,Female,27.0,Clothing,1.0,30.0,14.4,30.0
461,Male,60.0,Clothing,2.0,50.0,22.5,100.0
1877,Female,33.0,Electronics,4.0,300.0,165.0,1200.0
276,Male,30.0,Electronics,4.0,25.0,11.0,100.0
857,Male,57.0,Electronics,2.0,25.0,7.75,50.0
1103,Male,24.0,Beauty,2.0,30.0,11.7,60.0
540,Female,49.0,Beauty,4.0,50.0,26.5,200.0
1610,Male,30.0,Beauty,3.0,50.0,57.0,150.0
807,Male,44.0,Electronics,4.0,300.0,126.0,1200.0
1250,Female,56.0,Electronics,3.0,500.0,190.0,1500.0
1795,Female,32.0,Beauty,3.0,30.0,9.6,90.0
1786,Female,43.0,Clothing,4.0,25.0,13.5,100.0
1613,Female,62.0,Beauty,1.0,500.0,620.0,500.0
1328,Female,63.0,Electronics,2.0,25.0,24.75,50.0
24,Female,,Electronics,2.0,500.0,190.0,1000.0
233,Male,21.0,Beauty,4.0,500.0,215.0,2000.0
260,Female,22.0,Clothing,1.0,25.0,11.75,25.0
490,Male,41.0,Electronics,3.0,300.0,105.0,900.0
366,Female,46.0,Clothing,4.0,50.0,18.0,200.0
385,Female,37.0,Clothing,4.0,25.0,6.75,100.0
930,Male,41.0,Electronics,1.0,30.0,9.3,30.0
1402,Female,26.0,Electronics,4.0,25.0,24.75,100.0
1466,Female,55.0,Electronics,4.0,500.0,590.0,2000.0
787,Male,37.0,Clothing,1.0,500.0,230.0,500.0
1240,Female,31.0,Electronics,1.0,25.0,12.25,25.0
221,Male,59.0,Clothing,2.0,500.0,215.0,1000.0
888,Female,64.0,Clothing,2.0,50.0,21.0,100.0
127,Male,53.0,Clothing,2.0,30.0,15.3,60.0
1189,Female,51.0,Electronics,4.0,500.0,165.0,2000.0
1691,Female,57.0,Beauty,1.0,25.0,9.5,25.0
267,Female,28.0,Electronics,1.0,30.0,14.1,30.0
910,Female,34.0,Beauty,2.0,500.0,190.0,1000.0
1046,Female,43.0,Beauty,2.0,50.0,21.0,100.0
586,Female,43.0,Beauty,1.0,500.0,150.0,500.0
1973,Female,47.0,Clothing,2.0,300.0,75.0,600.0
1627,Female,57.0,Beauty,1.0,50.0,48.5,50.0
1679,Male,19.0,Electronics,4.0,300.0,354.0,1200.0
1916,Female,50.0,Electronics,4.0,300.0,162.0,1200.0
1667,Female,39.0,Clothing,3.0,25.0,27.5,75.0
1341,Female,19.0,Electronics,2.0,300.0,345.0,600.0
1005,Male,28.0,Beauty,2.0,30.0,10.5,60.0
268,Male,54.0,Clothing,4.0,25.0,7.0,100.0
1241,Male,25.0,Electronics,1.0,25.0,11.5,25.0
81,Female,49.0,Clothing,2.0,500.0,200.0,1000.0
1481,Female,35.0,Electronics,1.0,50.0,56.0,50.0
985,Female,37.0,Electronics,3.0,300.0,141.0,900.0
577,Male,49.0,Electronics,1.0,50.0,17.0,50.0
232,Male,35.0,Beauty,3.0,500.0,180.0,1500.0
1516,Female,35.0,Electronics,4.0,300.0,372.0,1200.0
300,Female,61.0,Electronics,2.0,50.0,17.0,100.0
755,Female,32.0,Beauty,1.0,300.0,156.0,300.0
971,Female,62.0,Beauty,4.0,30.0,9.0,120.0
1409,Male,18.0,Clothing,3.0,50.0,56.5,150.0
1257,Female,30.0,Electronics,2.0,30.0,12.9,60.0
1669,Male,31.0,Electronics,4.0,25.0,28.5,100.0
1899,Male,24.0,Electronics,2.0,25.0,10.75,50.0
1900,Male,23.0,Clothing,2.0,300.0,141.0,600.0
1282,Female,56.0,Clothing,4.0,300.0,132.0,1200.0
1649,Female,23.0,Beauty,4.0,25.0,24.0,100.0
1159,Female,38.0,Beauty,2.0,25.0,7.5,50.0
937,Female,20.0,Beauty,1.0,50.0,14.5,50.0
497,Female,47.0,Clothing,4.0,25.0,9.25,100.0
72,Male,53.0,Clothing,1.0,500.0,265.0,500.0
1024,Male,20.0,Clothing,4.0,50.0,18.5,200.0
17,Female,23.0,Clothing,3.0,50.0,26.5,150.0
297,Male,64.0,Beauty,1.0,50.0,14.5,50.0
27,Female,,Electronics,2.0,500.0,245.0,1000.0
70,Male,27.0,Electronics,4.0,25.0,13.75,100.0
396,Female,57.0,Clothing,4.0,30.0,9.9,120.0
1979,Female,54.0,Electronics,2.0,300.0,81.0,600.0
446,Female,22.0,Electronics,2.0,50.0,15.0,100.0
1229,Male,55.0,Clothing,1.0,500.0,260.0,500.0
419,Male,28.0,Clothing,4.0,300.0,144.0,1200.0
1006,Male,31.0,Electronics,4.0,25.0,13.25,100.0
928,Male,62.0,Beauty,4.0,30.0,12.9,120.0
1485,Male,56.0,Clothing,4.0,25.0,24.75,100.0
851,Male,27.0,Clothing,2.0,25.0,8.25,50.0
1875,Male,36.0,Electronics,4.0,500.0,210.0,2000.0
1361,Male,23.0,Beauty,3.0,25.0,29.0,75.0
1055,Male,57.0,Beauty,2.0,300.0,135.0,600.0
1716,Female,46.0,Beauty,3.0,50.0,13.0,150.0
1407,Male,32.0,Beauty,2.0,25.0,28.0,50.0
383,Male,46.0,Clothing,2.0,25.0,11.5,50.0
1018,Male,62.0,Clothing,1.0,50.0,27.0,50.0
754,Female,18.0,Beauty,1.0,30.0,7.8,30.0
619,Female,45.0,Electronics,1.0,30.0,8.4,30.0
1442,Female,50.0,Electronics,3.0,300.0,321.0,900.0
1343,Male,54.0,Beauty,1.0,25.0,31.25,25.0
1758,Female,62.0,Electronics,2.0,25.0,13.75,50.0
290,Male,51.0,Beauty,3.0,500.0,180.0,1500.0
624,Female,54.0,Clothing,1.0,25.0,6.5,25.0
1921,Female,51.0,Beauty,2.0,500.0,125.0,1000.0
261,Male,19.0,Beauty,4.0,500.0,165.0,2000.0
957,Male,42.0,Clothing,3.0,25.0,9.25,75.0
705,Female,18.0,Electronics,1.0,500.0,130.0,500.0
803,Male,44.0,Electronics,1.0,30.0,14.4,30.0
36,Male,60.0,Clothing,2.0,300.0,126.0,600.0
335,Male,64.0,Beauty,1.0,500.0,240.0,500.0
1354,Female,59.0,Clothing,1.0,500.0,540.0,500.0
723,Male,64.0,Clothing,4.0,25.0,7.5,100.0
1119,Male,43.0,Electronics,1.0,300.0,108.0,300.0
291,Male,32.0,Clothing,4.0,300.0,87.0,1200.0
1680,Female,34.0,Electronics,1.0,500.0,610.0,500.0
1777,Female,42.0,Electronics,3.0,30.0,13.2,90.0
1026,Male,61.0,Beauty,4.0,50.0,13.5,200.0
1323,Male,34.0,Beauty,1.0,30.0,36.6,30.0
1473,Male,51.0,Electronics,3.0,300.0,321.0,900.0
481,Male,58.0,Beauty,1.0,300.0,102.0,300.0
707,Male,18.0,Beauty,3.0,25.0,12.5,75.0
1075,Female,26.0,Clothing,3.0,500.0,255.0,1500.0
239,Male,30.0,Beauty,1.0,25.0,10.75,25.0
140,Male,51.0,Electronics,1.0,500.0,125.0,500.0
1483,Female,25.0,Beauty,2.0,300.0,333.0,600.0
1355,Male,52.0,Electronics,1.0,30.0,30.6,30.0
87,Female,42.0,Clothing,1.0,30.0,13.8,30.0
1417,Female,25.0,Beauty,4.0,50.0,55.0,200.0
618,Female,51.0,Beauty,4.0,50.0,14.0,200.0
1879,Male,20.0,Beauty,2.0,30.0,8.1,60.0
1045,Male,62.0,Electronics,2.0,50.0,26.5,100.0
1322,Female,27.0,Clothing,4.0,500.0,555.0,2000.0
1684,Male,22.0,Clothing,3.0,300.0,300.0,900.0
112,Female,46.0,Beauty,4.0,500.0,155.0,2000.0
1138,Male,56.0,Beauty,1.0,500.0,215.0,500.0
1974,Male,23.0,Clothing,1.0,30.0,16.2,30.0
1808,Male,53.0,Electronics,2.0,30.0,8.1,60.0
107,Female,36.0,Electronics,4.0,30.0,9.3,120.0
1274,Male,22.0,Beauty,2.0,500.0,175.0,1000.0
1057,Female,43.0,Electronics,2.0,30.0,8.4,60.0
1480,Male,41.0,Clothing,4.0,30.0,32.4,120.0
1078,Female,40.0,Clothing,3.0,30.0,13.2,90.0
1411,Female,43.0,Clothing,3.0,50.0,54.0,150.0
1041,Female,44.0,Clothing,4.0,25.0,7.75,100.0
1059,Male,51.0,Electronics,3.0,50.0,18.0,150.0
920,Male,62.0,Electronics,2.0,25.0,8.0,50.0
427,Female,46.0,Beauty,3.0,30.0,14.1,90.0
298,Male,34.0,Beauty,3.0,500.0,200.0,1500.0
819,Male,26.0,Clothing,2.0,300.0,153.0,600.0
1253,Female,56.0,Electronics,3.0,500.0,205.0,1500.0
218,Male,25.0,Electronics,1.0,300.0,111.0,300.0
1604,Female,53.0,Clothing,3.0,300.0,324.0,900.0
1622,Male,45.0,Beauty,4.0,500.0,570.0,2000.0
617,Female,28.0,Clothing,4.0,300.0,141.0,1200.0
1362,Female,50.0,Clothing,4.0,50.0,48.5,200.0
18,Male,38.0,Beauty,2.0,500.0,175.0,1000.0
1606,Male,30.0,Beauty,3.0,50.0,60.5,150.0
525,Female,40.0,Clothing,2.0,25.0,6.5,50.0
1881,Male,33.0,Clothing,2.0,50.0,19.5,100.0
471,Male,63.0,Electronics,4.0,300.0,114.0,1200.0
429,Female,53.0,Clothing,3.0,50.0,15.5,150.0
646,Male,21.0,Clothing,1.0,25.0,8.0,25.0
1575,Female,57.0,Clothing,4.0,300.0,318.0,1200.0
905,Male,45.0,Clothing,2.0,500.0,140.0,1000.0
222,Male,40.0,Clothing,1.0,25.0,8.0,25.0
765,Male,40.0,Electronics,1.0,50.0,17.0,50.0
778,Male,32.0,Clothing,2.0,300.0,78.0,600.0
1352,Female,40.0,Electronics,2.0,500.0,595.0,1000.0
196,Male,57.0,Clothing,2.0,50.0,17.5,100.0
591,Female,51.0,Clothing,3.0,30.0,14.7,90.0
1107,Male,44.0,Clothing,4.0,500.0,140.0,2000.0
1928,Female,46.0,Beauty,3.0,30.0,15.6,90.0
234,Female,63.0,Clothing,3.0,25.0,9.75,75.0
909,Male,45.0,Clothing,2.0,500.0,270.0,1000.0
681,Male,35.0,Electronics,2.0,30.0,13.2,60.0
303,Male,38.0,Electronics,3.0,300.0,129.0,900.0
1584,Female,34.0,Electronics,4.0,500.0,560.0,2000.0
1999,Male,55.0,Electronics,1.0,30.0,10.8,30.0
1465,Female,61.0,Clothing,4.0,500.0,615.0,2000.0
856,Female,25.0,Clothing,2.0,25.0,12.5,50.0
1647,Female,30.0,Electronics,2.0,25.0,30.75,50.0
1612,Male,30.0,Beauty,4.0,25.0,24.5,100.0
1643,Female,23.0,Beauty,4.0,25.0,30.5,100.0
1785,Male,41.0,Beauty,2.0,25.0,7.75,50.0
1989,Male,46.0,Beauty,4.0,300.0,81.0,1200.0
99,Male,41.0,Electronics,1.0,25.0,13.75,25.0
1405,Female,26.0,Electronics,4.0,25.0,24.75,100.0
1098,Male,25.0,Electronics,4.0,500.0,175.0,2000.0
1714,Male,50.0,Electronics,1.0,25.0,6.75,25.0
587,Female,55.0,Beauty,2.0,50.0,19.5,100.0
1141,Female,31.0,Electronics,3.0,25.0,6.5,75.0
638,Female,56.0,Beauty,3.0,25.0,6.75,75.0
180,Male,57.0,Electronics,2.0,25.0,11.0,50.0
1363,Male,55.0,Clothing,4.0,50.0,61.5,200.0
486,Female,42.0,Clothing,2.0,30.0,10.8,60.0
518,Male,19.0,Clothing,1.0,30.0,13.5,30.0
1290,Male,52.0,Electronics,4.0,300.0,162.0,1200.0
1817,Male,21.0,Clothing,2.0,25.0,9.5,50.0
610,Male,51.0,Clothing,4.0,30.0,10.5,120.0
332,Female,31.0,Beauty,4.0,50.0,13.0,200.0
451,Male,30.0,Clothing,4.0,30.0,9.6,120.0
1030,Male,22.0,Beauty,4.0,500.0,155.0,2000.0
7,Male,19.0,Electronics,3.0,30.0,14.7,90.0
1224,Female,22.0,Electronics,3.0,50.0,23.0,150.0
1780,Female,52.0,Clothing,3.0,300.0,126.0,900.0
4,Male,46.0,Beauty,3.0,500.0,235.0,1500.0
164,Female,21.0,Clothing,4.0,300.0,78.0,1200.0
129,Female,23.0,Beauty,3.0,25.0,12.75,75.0
1033,Female,46.0,Electronics,4.0,30.0,11.1,120.0
1894,Male,63.0,Electronics,2.0,300.0,78.0,600.0
397,Male,51.0,Clothing,3.0,500.0,265.0,1500.0
352,Female,20.0,Beauty,3.0,50.0,18.0,150.0
1336,Male,27.0,Beauty,3.0,50.0,60.0,150.0
1469,Female,55.0,Electronics,4.0,500.0,555.0,2000.0
44,Male,31.0,Electronics,4.0,50.0,27.5,200.0
1307,Female,51.0,Clothing,3.0,25.0,23.75,75.0
1208,Female,35.0,Clothing,3.0,50.0,17.0,150.0
574,Male,31.0,Clothing,4.0,500.0,175.0,2000.0
327,Female,18.0,Electronics,1.0,300.0,75.0,300.0
1523,Male,55.0,Electronics,2.0,25.0,27.75,50.0
943,Female,50.0,Clothing,4.0,25.0,8.25,100.0
1058,Male,20.0,Beauty,3.0,300.0,162.0,900.0
1195,Female,60.0,Clothing,4.0,300.0,108.0,1200.0
293,Male,53.0,Clothing,4.0,50.0,20.0,200.0
585,Female,58.0,Clothing,3.0,25.0,8.0,75.0
1533,Female,40.0,Electronics,4.0,50.0,57.0,200.0
1439,Female,28.0,Electronics,3.0,30.0,33.3,90.0
738,Female,47.0,Beauty,3.0,500.0,245.0,1500.0
1371,Male,41.0,Clothing,4.0,30.0,29.1,120.0
967,Female,64.0,Clothing,3.0,50.0,21.0,150.0
1943,Female,42.0,Clothing,1.0,300.0,156.0,300.0
1337,Female,19.0,Electronics,2.0,300.0,291.0,600.0
13,Female,19.0,Beauty,1.0,25.0,7.75,25.0
505,Female,23.0,Clothing,2.0,500.0,150.0,1000.0
1077,Female,44.0,Clothing,4.0,25.0,7.0,100.0
535,Male,37.0,Electronics,4.0,50.0,12.5,200.0
793,Female,55.0,Clothing,4.0,30.0,14.4,120.0
453,Female,34.0,Clothing,4.0,300.0,144.0,1200.0
283,Female,46.0,Beauty,1.0,25.0,6.75,25.0
1524,Male,43.0,Clothing,4.0,30.0,30.0,120.0
872,Male,44.0,Beauty,1.0,30.0,15.6,30.0
1115,Male,30.0,Beauty,1.0,500.0,150.0,500.0
1936,Male,34.0,Electronics,2.0,25.0,13.5,50.0
1080,Female,45.0,Clothing,1.0,50.0,27.5,50.0
1288,Male,42.0,Electronics,1.0,30.0,10.8,30.0
794,Female,44.0,Clothing,3.0,30.0,9.3,90.0
777,Male,22.0,Electronics,1.0,300.0,147.0,300.0
253,Male,22.0,Clothing,3.0,300.0,150.0,900.0
288,Male,53.0,Clothing,1.0,300.0,102.0,300.0
616,Female,45.0,Electronics,1.0,30.0,9.0,30.0
1372,Female,64.0,Clothing,2.0,50.0,59.5,100.0
727,Male,47.0,Electronics,2.0,300.0,102.0,600.0
879,Male,44.0,Clothing,2.0,25.0,6.5,50.0
165,Male,22.0,Beauty,1.0,30.0,12.9,30.0
49,Female,57.0,Beauty,,,,
791,Female,54.0,Clothing,4.0,25.0,12.0,100.0
1970,Female,64.0,Beauty,1.0,50.0,16.5,50.0
522,Female,35.0,Clothing,4.0,30.0,14.7,120.0
1890,Female,52.0,Beauty,3.0,50.0,25.0,150.0
1455,Male,57.0,Electronics,3.0,50.0,56.0,150.0
1239,Female,60.0,Electronics,4.0,30.0,9.3,120.0
1416,Female,21.0,Beauty,2.0,300.0,375.0,600.0
